name,total_return,cagr,ann_volatility,sharpe,sortino,calmar,max_drawdown,trades,win_rate,exposure,turnover,average_trade_return,average_win,average_loss,profit_factor,cost_drag,excess_cagr_vs_benchmark,drawdown_improvement_vs_benchmark,policy,cost_bps,lag,year,sessions,average_earning_exposure
aapl_cash_100,0.3622366265055468,0.3622366265055468,0.24893409329331231,1.3708702513814317,2.0582032624524076,1.9476292809103686,-0.18598848870059537,,,,0.9988915918920788,,,,,,,,aapl_cash_100,10,1,2021,252,0.9920634920634921
aapl_cash_100,-0.26404202342831573,-0.26494040556731624,0.3562526529814055,-0.7246272713446574,-1.0158919927249774,-0.8729743675288829,-0.3034916206271664,,,,0.0,,,,,,,,aapl_cash_100,10,1,2022,251,1.0
aapl_cash_100,0.49008046958983087,0.49484237415284116,0.20259516495989316,1.8478968371610793,2.8481303062752663,3.3138875388116094,-0.14932382839107938,,,,0.0,,,,,,,,aapl_cash_100,10,1,2023,250,1.0
aapl_cash_100,0.3070524333672007,0.3070524333672007,0.2263541286835271,1.0726972173353906,1.635188117632916,1.9997177747170067,-0.1535478842311404,,,,0.0,,,,,,,,aapl_cash_100,10,1,2024,252,1.0
aapl_cash_100,0.09052620027529779,0.09128250531476834,0.3244610104368179,0.30307386103717326,0.4540842502217,0.29377765690072866,-0.3107196996455517,,,,0.0,,,,,,,,aapl_cash_100,10,1,2025,250,1.0
aapl_cash_100,0.22782364860651838,0.31287227209337654,0.2650042858640505,1.0260298412438817,1.4590715828573606,2.4623548036007006,-0.12706222175450244,,,,0.0,,,,,,,,aapl_cash_100,10,1,2026,190,1.0
aapl_cash_25,0.08525746042689519,0.08525746042689519,0.062232675007942155,1.361781238816664,2.0429425649461734,1.7339993872924937,-0.04916810297148844,,,,0.8188253294918117,,,,,,,,aapl_cash_25,10,1,2021,252,0.24801587301587302
aapl_cash_25,-0.053641745021226206,-0.05384959704679404,0.08888373633873019,-0.7338470388877014,-1.0280314547865081,-0.7221339859270828,-0.07457009100279555,,,,0.8207903095444191,,,,,,,,aapl_cash_25,10,1,2022,251,0.25
aapl_cash_25,0.14946990519485848,0.1507515966175237,0.050781247375384725,1.8388470726038486,2.831884065197629,5.137342388539491,-0.029344276712765738,,,,0.46386598829801096,,,,,,,,aapl_cash_25,10,1,2023,250,0.25
aapl_cash_25,0.11539752203565912,0.11539752203565912,0.05664799324995469,1.0640645539517575,1.6206985258676534,3.74850673489935,-0.030784931226422785,,,,0.49271400586545466,,,,,,,,aapl_cash_25,10,1,2024,252,0.25
aapl_cash_25,0.0630965543607831,0.06361705412634167,0.0810359670152363,0.29565245595255496,0.4426007757614886,0.7918149925275594,-0.08034333111484682,,,,0.6039723143851251,,,,,,,,aapl_cash_25,10,1,2025,250,0.25
aapl_cash_25,0.07905493050801349,0.10618097982503172,0.06623267763967926,1.0173069779945625,1.4456179306838137,3.4118254308647145,-0.03112145740648886,,,,0.5764042007030646,,,,,,,,aapl_cash_25,10,1,2026,190,0.25
aapl_cash_50,0.17480321946375144,0.17480321946375144,0.12446092608911195,1.3648110249269305,2.048026919392985,1.811690955876248,-0.09648622404211626,,,,1.2582705099059226,,,,,,,,aapl_cash_50,10,1,2021,252,0.49603174603174605
aapl_cash_50,-0.1232970007091122,-0.12375649267209998,0.17799726279154887,-0.7307737727778434,-1.0239869916884963,-0.8399044571850705,-0.14734591728072066,,,,1.0943711378901293,,,,,,,,aapl_cash_50,10,1,2022,251,0.5
aapl_cash_50,0.25617534274939446,0.2584694189575796,0.10136395638050577,1.8418638305413144,2.837296769828758,3.6684970722548407,-0.07045648772964985,,,,0.6185114871144176,,,,,,,,aapl_cash_50,10,1,2023,250,0.5
aapl_cash_50,0.17930170148991453,0.17930170148991453,0.11320029428178721,1.0669422733499596,1.6255259736493037,2.4550158316115143,-0.07303484530778681,,,,0.6569673046041313,,,,,,,,aapl_cash_50,10,1,2024,252,0.5
aapl_cash_50,0.07861048916699054,0.07926366581713884,0.16216729557548826,0.2981263878907986,0.4464266857116866,0.4915122830941103,-0.16126487280880863,,,,0.8053027184886802,,,,,,,,aapl_cash_50,10,1,2025,250,0.5
aapl_cash_50,0.12998101232132364,0.17595065601356308,0.13248362084399296,1.0202145807110157,1.4501002380112618,2.757097379221529,-0.06381735274915934,,,,0.7685560758442851,,,,,,,,aapl_cash_50,10,1,2026,190,0.5
aapl_cash_75,0.26727643024039094,0.26727643024039094,0.1866960082987477,1.3678406958584102,2.053113817925089,1.8811016504578097,-0.14208505434852126,,,,1.3183034044879953,,,,,,,,aapl_cash_75,10,1,2021,252,0.7440476190476191
aapl_cash_75,-0.19378418542166698,-0.19447576894547003,0.26712306797042956,-0.7277005168526165,-1.0199405048410746,-0.8584159690403073,-0.22655190019692928,,,,0.820766499882142,,,,,,,,aapl_cash_75,10,1,2022,251,0.75
aapl_cash_75,0.36968477403980726,0.3731361254302423,0.1519751926485019,1.8448804188008137,2.8427121828435147,3.3783303518985863,-0.11044986326471706,,,,0.46390130036791005,,,,,,,,aapl_cash_75,10,1,2023,250,0.75
aapl_cash_75,0.24330550433339404,0.24330550433339404,0.16977356847573796,1.0698198278894921,1.6303558369665976,2.1351775005914386,-0.11395094986997523,,,,0.4927370126371933,,,,,,,,aapl_cash_75,10,1,2024,252,0.75
aapl_cash_75,0.08779378326605758,0.08852634646182933,0.24331108783480848,0.3006001896750567,0.45025451005268335,0.3707897072950143,-0.2387508194540967,,,,0.6039818388474217,,,,,,,,aapl_cash_75,10,1,2025,250,0.75
aapl_cash_75,0.17969779338550596,0.24506120640299867,0.19874324653728298,1.0231222018795059,1.4545847881744927,2.558167165369079,-0.09579561872284548,,,,0.5764299851219575,,,,,,,,aapl_cash_75,10,1,2026,190,0.75
fixed_sma_20_100,0.19321415317680213,0.19321415317680213,0.23043528721784323,0.8863231649858853,1.30940344729901,0.9314316548097731,-0.20743782131418154,,,,5.034773881189272,,,,,,,,fixed_sma_20_100,10,1,2021,252,0.7936507936507936
fixed_sma_20_100,-0.2779296914792624,-0.2788658560008829,0.20443913331311853,-1.5637609278464764,-2.066755988830923,-0.8317246830660575,-0.3352862571937578,,,,5.030038943642382,,,,,,,,fixed_sma_20_100,10,1,2022,251,0.41832669322709165
fixed_sma_20_100,0.2842373254085282,0.28681006905215045,0.15412776468133774,1.4005932563213093,2.245009401136011,2.5362950948532763,-0.11308229457769081,,,,3.023607952966442,,,,,,,,fixed_sma_20_100,10,1,2023,250,0.656
fixed_sma_20_100,0.24333293127766553,0.24333293127766553,0.19209823086889474,0.9659083057909372,1.4470769873444358,2.0710201348297064,-0.11749423734968856,,,,1.992484222880655,,,,,,,,fixed_sma_20_100,10,1,2024,252,0.7698412698412699
fixed_sma_20_100,0.0360237461035704,0.03631710720766845,0.19536921531011392,0.070436453189514,0.10297055978666982,0.15764279471875947,-0.23037594120593652,,,,4.031184684857648,,,,,,,,fixed_sma_20_100,10,1,2025,250,0.6
fixed_sma_20_100,0.1107127525635232,0.14942948115760268,0.22445917634507717,0.5744545187820757,0.7976354190572738,1.1760339075946273,-0.12706222175450255,,,,5.3302206515121,,,,,,,,fixed_sma_20_100,10,1,2026,190,0.7
nested_ensemble,0.13655243989972177,0.13655243989972177,0.1451124852017197,0.9617975507777234,1.4230463079431026,1.341976796903524,-0.10175469517416602,,,,8.379541056863694,,,,,,,,nested_ensemble,10,1,2021,252,0.4671714911291677
nested_ensemble,-0.17309083322102037,-0.1737167424622481,0.11383593841029069,-1.7423225401377274,-2.2968035215014626,-0.9246698074860978,-0.18786894635884377,,,,8.890797588241762,,,,,,,,nested_ensemble,10,1,2022,251,0.2602627341403784
nested_ensemble,0.09467340666569735,0.09546585210415692,0.1299111427249511,0.39345198846685314,0.5948403480916222,0.9526587273788512,-0.10020991710937455,,,,5.466670993888285,,,,,,,,nested_ensemble,10,1,2023,250,0.49301845565707
nested_ensemble,0.12639045475495791,0.12639045475495791,0.13746527373413278,0.5654890171350377,0.8831275198118922,1.0650029194641084,-0.118676158013309,,,,6.26125221494792,,,,,,,,nested_ensemble,10,1,2024,252,0.3011793896085592
nested_ensemble,-0.05098104807659909,-0.051378235735639266,0.21396481920864005,-0.33029657318552846,-0.4422271903359481,-0.21814916153984681,-0.23551883203665025,,,,4.904700527984246,,,,,,,,nested_ensemble,10,1,2025,250,0.6893333333333334
nested_ensemble,0.1858071198967517,0.25362027658064856,0.24542178748617155,0.8992803417700025,1.266608223352419,1.9960321256672922,-0.12706222175450255,,,,3.028236831267698,,,,,,,,nested_ensemble,10,1,2026,190,0.8944023048999928
nested_v3,0.1523980572677106,0.1523980572677106,0.20022090437781098,0.813715533098945,1.1953502773828326,0.8240592483642692,-0.18493580112135843,,,,6.98753390286223,,,,,,,,nested_v3,10,1,2021,252,0.6626984126984127
nested_v3,-0.26259948819547296,-0.26349388545269015,0.19607053737596003,-1.5307829457572253,-2.035834995533887,-0.9188487545661715,-0.2867652419870744,,,,5.029513657842921,,,,,,,,nested_v3,10,1,2022,251,0.4342629482071713
nested_v3,0.08877309060434535,0.08951415659511497,0.14786987424536605,0.32501640399307,0.4671683534336546,0.6204252363540296,-0.14427871619334975,,,,3.0259365264555016,,,,,,,,nested_v3,10,1,2023,250,0.584
nested_v3,0.14407122382271642,0.14407122382271642,0.19175942856322717,0.5340675460995643,0.7335658322283145,0.8980066998177653,-0.16043446429960173,,,,4.0304728895143,,,,,,,,nested_v3,10,1,2024,252,1.0
nested_v3,-0.023444359747263444,-0.023629681101252853,0.23624887300531575,-0.15720188535360924,-0.225378931229852,-0.09591373323054787,-0.24636389707044537,,,,6.088002298148208,,,,,,,,nested_v3,10,1,2025,250,0.804
nested_v3,0.13385769286194527,0.18130452512988415,0.21895078049651948,0.7081352686616134,0.9901346083058964,1.4268955998596002,-0.12706222175450232,,,,5.2987824244130595,,,,,,,,nested_v3,10,1,2026,190,0.7210526315789474
selected_v3,0.3622366265055468,0.3622366265055468,0.24893409329331231,1.3708702513814317,2.0582032624524076,1.9476292809103686,-0.18598848870059537,,,,0.9988915918920788,,,,,,,,selected_v3,10,1,2021,252,0.9920634920634921
selected_v3,-0.15406617919037424,-0.15462988251247112,0.23084061310100862,-0.6731030097232434,-0.9191872553476109,-0.6355536350854358,-0.2432995013736089,,,,0.9989205146996624,,,,,,,,selected_v3,10,1,2022,251,0.4342629482071713
selected_v3,0.17445364652169237,0.17596546463370744,0.1617619569417117,0.7831729216403236,1.1473087271897566,1.178415170101677,-0.14932382839107938,,,,1.0072350253976905,,,,,,,,selected_v3,10,1,2023,250,0.748
selected_v3,0.0832473885565761,0.0832473885565761,0.18035549587912297,0.2533510753891831,0.33874605953551357,0.6257885043891289,-0.1330279926408029,,,,1.9909183468434,,,,,,,,selected_v3,10,1,2024,252,0.753968253968254
selected_v3,-0.14309097711641672,-0.14414893877150203,0.26238128601745153,-0.6195903112479779,-0.8806203643901024,-0.46391953563271826,-0.3107196996455517,,,,2.16950792212829,,,,,,,,selected_v3,10,1,2025,250,0.536
selected_v3,0.22782364860651838,0.31287227209337654,0.2650042858640505,1.0260298412438817,1.4590715828573606,2.4623548036007006,-0.12706222175450244,,,,0.0,,,,,,,,selected_v3,10,1,2026,190,1.0
selected_v6,0.20863020381918695,0.20863020381918695,0.16714292903813285,1.2235818404808283,1.8149813801456407,1.7832717141466112,-0.11699294177333341,,,,7.88977333192339,,,,,,,,selected_v6,10,1,2021,252,0.6424315923220489
selected_v6,-0.11919490667501609,-0.11964017585552456,0.08174915168989424,-1.6892681944991923,-2.2344347760334644,-0.8318211796141753,-0.1438292012605611,,,,7.153581548105048,,,,,,,,selected_v6,10,1,2022,251,0.1777211715875328
selected_v6,0.10550694102630187,0.10639439118293548,0.1362909243496508,0.45376696854894916,0.6388456501396627,0.7363221763533673,-0.1444943458172797,,,,6.714820659721733,,,,,,,,selected_v6,10,1,2023,250,0.6646166533754899
selected_v6,0.1694919884749333,0.1694919884749333,0.17180957083816364,0.7023852105297271,1.028058915598588,1.653503154807715,-0.10250478687150943,,,,5.444270296567085,,,,,,,,selected_v6,10,1,2024,252,0.7416642505591328
selected_v6,-0.030627456722497004,-0.030868655295413494,0.13642537896719356,-0.4613875232984062,-0.5941427451347738,-0.24238527671115315,-0.12735367310366463,,,,4.049673998849818,,,,,,,,selected_v6,10,1,2025,250,0.42976108349805087
selected_v6,0.11048584777443748,0.14911805384408772,0.19860135516917507,0.6199319645360443,0.8542771468642733,1.2608229660427437,-0.11827041373787317,,,,7.489962804348457,,,,,,,,selected_v6,10,1,2026,190,0.719306653712264
