name,total_return,cagr,ann_volatility,sharpe,sortino,calmar,max_drawdown,trades,win_rate,exposure,turnover,average_trade_return,average_win,average_loss,profit_factor,cost_drag,excess_cagr_vs_benchmark,drawdown_improvement_vs_benchmark,policy,cost_bps,lag,sessions,start,end,ending_nav,average_earning_exposure,fees_paid
aapl_cash_25,0.5160190443916197,0.0752609941153668,0.06915338013762241,0.6312484992084979,0.9264498223646626,0.8842909215151082,-0.08510886212245361,,,0.9986159169550173,0.6318384179659062,,,,,,,,aapl_cash_25,0,1,1445,2021-01-04,2026-10-05,15160.190443916197,0.24965397923875432,0.0
aapl_cash_25,0.5289261648071715,0.07685192073610048,0.06905937101371712,0.6534176229049843,0.9603784452991571,0.902983764787348,-0.08510886212245361,,,0.9979238754325259,0.6307436748942898,,,,,,,,aapl_cash_25,0,2,1445,2021-01-04,2026-10-05,15289.261648071715,0.24948096885813148,0.0
aapl_cash_25,0.5105388498129828,0.07458212364864125,0.0691514762223169,0.6221340838280806,0.9123585720423962,0.8743033533111925,-0.08530462952724727,,,0.9986159169550173,0.6318357467197677,,,,,,,,aapl_cash_25,10,1,1445,2021-01-04,2026-10-05,15105.388498129829,0.24965397923875432,42.13747889231831
aapl_cash_25,0.523409037909339,0.07617324393230374,0.069057241699597,0.6443081911737762,0.9462473117560305,0.892955568231775,-0.08530462952724682,,,0.9979238754325259,0.630741277265515,,,,,,,,aapl_cash_25,10,2,1445,2021-01-04,2026-10-05,15234.09037909339,0.24948096885813148,42.41165983345967
aapl_cash_25,0.5050784084536011,0.07390367470810011,0.06914971963811116,0.6130178753359775,0.898284553466078,0.8643672150432757,-0.08550032141651742,,,0.9986159169550173,0.6318331544524495,,,,,,,,aapl_cash_25,20,1,1445,2021-01-04,2026-10-05,15050.784084536012,0.24965397923875432,84.11253781697926
aapl_cash_25,0.5179117573768404,0.0754949871760977,0.06905526008988914,0.6351968831358997,0.9321332788945996,0.8829789868077897,-0.08550032141651831,,,0.9979238754325259,0.63073895847882,,,,,,,,aapl_cash_25,20,2,1445,2021-01-04,2026-10-05,15179.117573768404,0.24948096885813148,84.66009842214264
aapl_cash_25,0.4888148757138002,0.07187085204775245,0.0691453316645812,0.5856590565495476,0.8561674982494074,0.8348635444430209,-0.08608694501770475,,,0.9986159169550173,0.6318258515144356,,,,,,,,aapl_cash_25,50,1,1445,2021-01-04,2026-10-05,14888.148757138002,0.24965397923875432,209.06940066460072
aapl_cash_25,0.5015382641321486,0.07346273221937993,0.06905019929043116,0.6078522688326891,0.889895422307304,0.8533550842612815,-0.08608694501770497,,,0.9979238754325259,0.6307324751632581,,,,,,,,aapl_cash_25,50,2,1445,2021-01-04,2026-10-05,15015.382641321487,0.24948096885813148,210.4323100494399
aapl_cash_50,0.8689490509049187,0.1152316697070288,0.13830659612498641,0.631248499208487,0.9264498223646461,0.6593617543464079,-0.17476244102336835,,,0.9986159169550173,0.8715137847201656,,,,,,,,aapl_cash_50,0,1,1445,2021-01-04,2026-10-05,18689.49050904919,0.49930795847750864,0.0
aapl_cash_50,0.901046129060973,0.11854838338267815,0.13811889011197334,0.6534176229049733,0.9603784452991406,0.6783401667342615,-0.17476244102336824,,,0.9979238754325259,0.8700604939980179,,,,,,,,aapl_cash_50,0,2,1445,2021-01-04,2026-10-05,19010.46129060973,0.49896193771626296,0.0
aapl_cash_50,0.8596387841685211,0.11426080810364647,0.13830405593446302,0.6249618831041435,0.9167447199726745,0.652921966316088,-0.1749991790723906,,,0.9986159169550173,0.8714922426838495,,,,,,,,aapl_cash_50,10,1,1445,2021-01-04,2026-10-05,18596.387841685213,0.49930795847750864,62.70460773482094
aapl_cash_50,0.8915922039200597,0.1175763071792153,0.13811609821549564,0.6471339684739148,0.9506457825502469,0.6718677641943606,-0.17499917907239015,,,0.9979238754325259,0.8700396782439217,,,,,,,,aapl_cash_50,10,2,1445,2021-01-04,2026-10-05,18915.922039200595,0.49896193771626296,63.61093802241174
aapl_cash_50,0.8503749341487321,0.1132907955778173,0.13830177326384777,0.6186741712016086,0.9070458307156988,0.6465049827844241,-0.1752357655309733,,,0.9986159169550173,0.8714711363725488,,,,,,,,aapl_cash_50,20,1,1445,2021-01-04,2026-10-05,18503.74934148732,0.49930795847750864,125.06577297112464
aapl_cash_50,0.8821853150403005,0.11660507801325437,0.13811356461904406,0.6408491517113671,0.9409191705249714,0.6654182589948733,-0.17523576553097375,,,0.9979238754325259,0.8700192974892843,,,,,,,,aapl_cash_50,20,2,1445,2021-01-04,2026-10-05,18821.853150403003,0.49896193771626296,126.87379107338037
aapl_cash_50,0.8228594466789498,0.11038583146350667,0.13829646116062555,0.5998047567362249,0.8779876669183382,0.6273896388589816,-0.17594461978087927,,,0.9986159169550173,0.8714104314884789,,,,,,,,aapl_cash_50,50,1,1445,2021-01-04,2026-10-05,18228.5944667895,0.49930795847750864,310.1075172542353
aapl_cash_50,0.8542444010314942,0.11369645178139653,0.13810750441455685,0.6219880262070805,0.9117768869136942,0.646205902306043,-0.17594461978087894,,,0.9979238754325259,0.8699607649327205,,,,,,,,aapl_cash_50,50,2,1445,2021-01-04,2026-10-05,18542.444010314943,0.49896193771626296,314.5929611937929
aapl_cash_75,1.2419593186186098,0.15119139473132281,0.20747565555947314,0.631248499208486,0.9264498223646449,0.5871971874694127,-0.2574797665208477,,,0.9986159169550173,0.7190261002627787,,,,,,,,aapl_cash_75,0,1,1445,2021-01-04,2026-10-05,22419.5931861861,0.748961937716263,0.0
aapl_cash_75,1.3002142084627164,0.15635287758594263,0.20719427417529607,0.6534176229049722,0.9603784452991393,0.6072433562397334,-0.2574797665208479,,,0.9979238754325259,0.7179504573111845,,,,,,,,aapl_cash_75,0,2,1445,2021-01-04,2026-10-05,23002.142084627165,0.7484429065743945,0.0
aapl_cash_75,1.232741755906861,0.15036458247826934,0.2074740386986621,0.6277896018290524,0.92113306262296,0.5836218115464772,-0.2576404436973222,,,0.9986159169550173,0.7189529817044901,,,,,,,,aapl_cash_75,10,1,1445,2021-01-04,2026-10-05,22327.41755906861,0.748961937716263,54.256449095600495
aapl_cash_75,1.290772007002439,0.15552366630902892,0.20719244012530863,0.6499596619965157,0.9550464542305276,0.6036461670270186,-0.2576404436973222,,,0.9979238754325259,0.7178781448805137,,,,,,,,aapl_cash_75,10,2,1445,2021-01-04,2026-10-05,22907.720070024392,0.7484429065743945,55.40780157053197
aapl_cash_75,1.2235628585553782,0.14953843333792394,0.20747281699707504,0.6243301525315867,0.9158158824042402,0.5800537400204157,-0.25780099846035087,,,0.9986159169550173,0.7188806718056089,,,,,,,,aapl_cash_75,20,1,1445,2021-01-04,2026-10-05,22235.628585553783,0.748961937716263,108.25879985708895
aapl_cash_75,1.2813693313327583,0.15469511729132024,0.20719100237185664,0.646501092840502,0.9497138612456217,0.6000563155891424,-0.25780099846035076,,,0.9979238754325259,0.7178066399018701,,,,,,,,aapl_cash_75,20,2,1445,2021-01-04,2026-10-05,22813.69331332758,0.7484429065743945,110.55600482992611
aapl_cash_75,1.1962562410494821,0.14706393439618326,0.20747150185826008,0.6139486359371036,0.8998625913430559,0.5693930347916168,-0.25828193428815804,,,0.9986159169550173,0.7186685916931456,,,,,,,,aapl_cash_75,50,1,1445,2021-01-04,2026-10-05,21962.562410494822,0.748961937716263,268.75443729128625
aapl_cash_75,1.2533965024710674,0.1522134135687867,0.20718904586952958,0.6361218818139052,0.9337132610925285,0.5893304693891838,-0.2582819342881584,,,0.9979238754325259,0.7175969673329021,,,,,,,,aapl_cash_75,50,2,1445,2021-01-04,2026-10-05,22533.965024710673,0.7484429065743945,274.45646755803523
aapl_cash_100,1.617064808912676,0.18267259043430406,0.27664867492709516,0.6312484992084886,0.9264498223646486,0.5475712426434747,-0.33360515711604444,,,0.9986159169550173,0.17437536459374442,,,,,,,,aapl_cash_100,0,1,1445,2021-01-04,2026-10-05,26170.64808912676,0.9986159169550173,0.0
aapl_cash_100,1.708525781225421,0.18977882374596833,0.2762736235339946,0.6534176229049748,0.9603784452991431,0.5688725719547366,-0.33360515711604466,,,0.9979238754325259,0.1744135648337889,,,,,,,,aapl_cash_100,0,2,1445,2021-01-04,2026-10-05,27085.25781225421,0.9979238754325259,0.0
aapl_cash_100,1.6144503585541137,0.18246645990482957,0.2766495728174972,0.6306172397465635,0.9255236016409384,0.5469533549247815,-0.3336051571160449,,,0.9986159169550173,0.1742011634303141,,,,,,,,aapl_cash_100,10,1,1445,2021-01-04,2026-10-05,26144.503585541137,0.9986159169550173,9.98891591892079
aapl_cash_100,1.7058199612641554,0.1895714546559264,0.2762743995027455,0.6527852714855347,0.9594493284491865,0.5682509715819051,-0.33360515711604455,,,0.9979238754325259,0.1742393255082806,,,,,,,,aapl_cash_100,10,2,1445,2021-01-04,2026-10-05,27058.199612641554,0.9979238754325259,9.990009990009993
aapl_cash_100,1.6118411266593489,0.1822605710703269,0.2766510955778655,0.6299858172746706,0.9245947217197281,0.5463361917002005,-0.33360515711604466,,,0.9986159169550173,0.1740273099737968,,,,,,,,aapl_cash_100,20,1,1445,2021-01-04,2026-10-05,26118.411266593488,0.9986159169550173,19.957893881915588
aapl_cash_100,1.7031195421411351,0.1893643287131097,0.27627580171178656,0.652152704473605,0.9585173642816278,0.5676301000563939,-0.3336051571160451,,,0.9979238754325259,0.17406543396585716,,,,,,,,aapl_cash_100,20,2,1445,2021-01-04,2026-10-05,27031.19542141135,0.9979238754325259,19.960079840319363
aapl_cash_100,1.6040445859827543,0.18164434950308705,0.2766593756520766,0.6280906620423142,0.9217924778894387,0.5444890333032292,-0.33360515711604466,,,0.9986159169550173,0.17350782546641236,,,,,,,,aapl_cash_100,50,1,1445,2021-01-04,2026-10-05,26040.445859827545,0.9986159169550173,49.7457951982075
aapl_cash_100,1.6950505285825104,0.18874440450300534,0.2762837282872227,0.650253803564659,0.9557047517893943,0.5657718427816463,-0.3336051571160449,,,0.9979238754325259,0.17354583565551132,,,,,,,,aapl_cash_100,50,2,1445,2021-01-04,2026-10-05,26950.505285825104,0.9979238754325259,49.75124378109454
fixed_sma_20_100,0.6199090635534179,0.08776231043307758,0.20116472460320145,0.36332097707603417,0.5249805524672024,0.26384992646866906,-0.33262207652538023,,,0.6546712802768166,4.022747511455138,,,,,,,,fixed_sma_20_100,0,1,1445,2021-01-04,2026-10-05,16199.09063553418,0.6546712802768166,0.0
fixed_sma_20_100,0.6323864715512111,0.08921885509093297,0.20158851470479716,0.36963515101881467,0.5331198772330655,0.2730518269119066,-0.3267469626552516,,,0.6539792387543253,4.005328581459146,,,,,,,,fixed_sma_20_100,0,2,1445,2021-01-04,2026-10-05,16323.86471551211,0.6539792387543253,0.0
fixed_sma_20_100,0.5830771343369001,0.08340804844123673,0.2011215009062644,0.3434046426378652,0.49587691698953884,0.2487666781792242,-0.33528625719376015,,,0.6546712802768166,4.020656678424347,,,,,,,,fixed_sma_20_100,10,1,1445,2021-01-04,2026-10-05,15830.771343369,0.6546712802768166,247.03956827064894
fixed_sma_20_100,0.5952708430712461,0.0848587626184969,0.20163169554141697,0.3497003316297769,0.5040317640192294,0.2565457475909936,-0.3307743878638977,,,0.6539792387543253,4.0032377479177415,,,,,,,,fixed_sma_20_100,10,2,1445,2021-01-04,2026-10-05,15952.70843071246,0.6539792387543253,257.2990354138152
fixed_sma_20_100,0.5470841299100637,0.07907139588607892,0.20109794690527974,0.32346884405792037,0.466758893371584,0.23398070922790612,-0.3379398077174831,,,0.6546712802768166,4.018570018712979,,,,,,,,fixed_sma_20_100,20,1,1445,2021-01-04,2026-10-05,15470.841299100637,0.6546712802768166,488.0466780069677
fixed_sma_20_100,0.5590006012294213,0.08051630316228042,0.20169431790585834,0.3297627488312391,0.47494973693383125,0.24050674888111367,-0.33477772884486046,,,0.6539792387543253,4.001151087696777,,,,,,,,fixed_sma_20_100,20,2,1445,2021-01-04,2026-10-05,15590.006012294212,0.6539792387543253,508.3268238851259
fixed_sma_20_100,0.44394876114330817,0.06616629154361764,0.20114473646597522,0.26360328149790957,0.37943569044530656,0.19132210292628452,-0.3458371538447452,,,0.6546712802768166,4.012334954918711,,,,,,,,fixed_sma_20_100,50,1,1445,2021-01-04,2026-10-05,14439.487611433082,0.6546712802768166,1176.295314734048
fixed_sma_20_100,0.45507082856428993,0.0675939185182235,0.20199802094905933,0.26999151082733486,0.3878694555432774,0.1949947792642675,-0.346644760302103,,,0.6539792387543253,3.99491602237981,,,,,,,,fixed_sma_20_100,50,2,1445,2021-01-04,2026-10-05,14550.708285642899,0.6539792387543253,1225.258884717394
selected_v3,0.5533274888075896,0.07982956297319377,0.22716245302841642,0.3137369390062605,0.4463664361266643,0.23929355188422652,-0.33360515711604466,,,0.7335640138408305,1.2452276619100475,,,,,,,,selected_v3,0,1,1445,2021-01-04,2026-10-05,15533.274888075897,0.7335640138408305,0.0
selected_v3,0.4807205062946347,0.07085227400369853,0.22792026415552552,0.2768334042267502,0.3925400465386836,0.21238362924663226,-0.33360515711604466,,,0.7328719723183391,1.2060291092390478,,,,,,,,selected_v3,0,2,1445,2021-01-04,2026-10-05,14807.205062946347,0.7328719723183391,0.0
selected_v3,0.5424929319135505,0.07851224678025859,0.2270416219751031,0.30842274734480035,0.4385223402778645,0.2353448233803774,-0.33360515711604466,,,0.7335640138408305,1.2445307201608657,,,,,,,,selected_v3,10,1,1445,2021-01-04,2026-10-05,15424.929319135505,0.7335640138408305,80.70080494328195
selected_v3,0.4703923876685061,0.06954590947251882,0.22798707325750145,0.2714655188180919,0.384819086356883,0.20846772895758112,-0.33360515711604444,,,0.7328719723183391,1.2053321331285023,,,,,,,,selected_v3,10,2,1445,2021-01-04,2026-10-05,14703.923876685061,0.7328719723183391,79.28634665636147
selected_v3,0.5317354570307373,0.07719672284829593,0.226926292595476,0.3031016706808882,0.4306712156912514,0.23140146727840624,-0.33360515711604444,,,0.7335640138408305,1.24383516951298,,,,,,,,selected_v3,20,1,1445,2021-01-04,2026-10-05,15317.354570307372,0.7335640138408305,160.81441870507985
selected_v3,0.46013774801930074,0.06824132230214208,0.2280590439109198,0.2661008562861315,0.37709851379536213,0.20455715640632105,-0.33360515711604477,,,0.7328719723183391,1.204636548187838,,,,,,,,selected_v3,20,2,1445,2021-01-04,2026-10-05,14601.377480193007,0.7328719723183391,158.00148348057712
selected_v3,0.4999197480506572,0.07326085207408939,0.22661321492637349,0.28710084858427504,0.40708576839488586,0.21960347587973783,-0.3336051571160443,,,0.7335640138408305,1.2417568226516857,,,,,,,,selected_v3,50,1,1445,2021-01-04,2026-10-05,14999.197480506571,0.7335640138408305,397.67636438833836
selected_v3,0.429809196539626,0.06433817284850263,0.22830569433385298,0.2500298825610091,0.353950251990104,0.19285724898468082,-0.3336051571160449,,,0.7328719723183391,1.2025580988576743,,,,,,,,selected_v3,50,2,1445,2021-01-04,2026-10-05,14298.091965396261,0.7328719723183391,390.7624204008117
selected_v6,0.5371365013986402,0.07785816282531233,0.15117185395381808,0.3647544365434441,0.5134297394609012,0.5034892132341238,-0.1546372013120132,,,0.8055363321799308,6.415898476319705,,,,,,,,selected_v6,0,1,1445,2021-01-04,2026-10-05,15371.365013986402,0.5561680725939404,0.0
selected_v6,0.6308320060976198,0.089037897536697,0.15193707799291034,0.43156274118312143,0.6137998544600066,0.5116996775932419,-0.17400420878802003,,,0.8048442906574395,6.427380231702293,,,,,,,,selected_v6,0,2,1445,2021-01-04,2026-10-05,16308.320060976199,0.5555526957114914,0.0
selected_v6,0.4816162338649215,0.070965216318426,0.15118448336397566,0.3222902350590178,0.45289033685304103,0.45288728900442554,-0.15669509399221082,,,0.8055363321799308,6.415186547005588,,,,,,,,selected_v6,10,1,1445,2021-01-04,2026-10-05,14816.162338649216,0.5561680725939404,419.8257335601559
selected_v6,0.5718636014099583,0.0820657822121924,0.1519216489988127,0.389305387622461,0.552671875841078,0.46749984823188345,-0.17554183712052707,,,0.8048442906574395,6.42667320600123,,,,,,,,selected_v6,10,2,1445,2021-01-04,2026-10-05,15718.636014099582,0.5555526957114914,449.3475081768089
selected_v6,0.42810210548912564,0.06411645274140199,0.15120471884634318,0.27982820300137456,0.39255529013445295,0.40038619007795073,-0.1601365240117778,,,0.8055363321799308,6.414479444838177,,,,,,,,selected_v6,20,1,1445,2021-01-04,2026-10-05,14281.021054891256,0.5561680725939404,823.5351152221596
selected_v6,0.5150282062477669,0.07513840219487666,0.15191378159060817,0.34703105761731184,0.4917371349316759,0.4243251532693849,-0.17707741720221493,,,0.8048442906574395,6.425971028307394,,,,,,,,selected_v6,20,2,1445,2021-01-04,2026-10-05,15150.282062477669,0.5555526957114914,881.377901134998
selected_v6,0.2788833754292539,0.04383228418884322,0.15131093549072833,0.152518327618831,0.21286422547948203,0.2423140222306219,-0.18089041560758679,,,0.8055363321799308,6.412387063979683,,,,,,,,selected_v6,50,1,1445,2021-01-04,2026-10-05,12788.833754292538,0.5561680725939404,1943.8853761463388
selected_v6,0.35656101136531815,0.054621658510880744,0.15193546558793017,0.2201684870349436,0.31019929899162324,0.30066098300588057,-0.18167192152701905,,,0.8048442906574395,6.423893546096846,,,,,,,,selected_v6,50,2,1445,2021-01-04,2026-10-05,13565.610113653182,0.5555526957114914,2079.935393067432
nested_v3,0.20655261047354156,0.03328759821947558,0.19988373024121037,0.10720268512438275,0.15094893809804086,0.10191030943605177,-0.3266362196688588,,,0.7003460207612456,5.071973754879372,,,,,,,,nested_v3,0,1,1445,2021-01-04,2026-10-05,12065.526104735416,0.7003460207612456,0.0
nested_v3,0.13516386413438508,0.022355429193607446,0.2012400959777876,0.055000116775491145,0.07712458371585994,0.06592889987210297,-0.33908391065185783,,,0.6996539792387543,5.043679304916271,,,,,,,,nested_v3,0,2,1445,2021-01-04,2026-10-05,11351.63864134385,0.6996539792387543,0.0
nested_v3,0.17206564576215966,0.02807508898073574,0.19982941071185692,0.08187313124841106,0.1151959584125151,0.08422451647161548,-0.3333363034526572,,,0.7003460207612456,5.068649831548005,,,,,,,,nested_v3,10,1,1445,2021-01-04,2026-10-05,11720.656457621597,0.7003460207612456,270.0184564458659
nested_v3,0.10271740818691355,0.017198068233183594,0.20132366018335607,0.02994701522221284,0.04195627584461133,0.04975427118281604,-0.34566013779985594,,,0.6996539792387543,5.040365255545978,,,,,,,,nested_v3,10,2,1445,2021-01-04,2026-10-05,11027.174081869136,0.6996539792387543,263.3922841612262
nested_v3,0.13856549653725136,0.022889042738975185,0.19980713870491507,0.0565538656530489,0.07951307214134727,0.06732670730868752,-0.3399697334674451,,,0.7003460207612456,5.065332542794146,,,,,,,,nested_v3,20,1,1445,2021-01-04,2026-10-05,11385.654965372514,0.7003460207612456,532.3669993358101
nested_v3,0.07119938028401473,0.01206689029158392,0.20143852261901754,0.004946803715344865,0.0069240276333565,0.03426429840436647,-0.3521709433293453,,,0.6996539792387543,5.037057821044686,,,,,,,,nested_v3,20,2,1445,2021-01-04,2026-10-05,10711.993802840147,0.6996539792387543,519.3353984508738
nested_v3,0.043706691136255804,0.00748823167643331,0.19993124126156103,-0.0192216405609786,-0.026960100581028917,0.020718406437940214,-0.36142893995556624,,,0.7003460207612456,5.055420285950524,,,,,,,,nested_v3,50,1,1445,2021-01-04,2026-10-05,10437.066911362557,0.7003460207612456,1275.565956446095
nested_v3,-0.01804686322948723,-0.00317098039505459,0.2019689245222535,-0.06962313765588678,-0.09710906230398848,-0.008539810236161587,-0.3713174306411591,,,0.6996539792387543,5.027175009296051,,,,,,,,nested_v3,50,2,1445,2021-01-04,2026-10-05,9819.531367705127,0.6996539792387543,1244.5745795137182
nested_ensemble,0.3520956127003301,0.05401542324031183,0.16740915587740948,0.21121435086660326,0.29926886943498815,0.18675589496451164,-0.289230084279675,,,0.6366782006920415,6.291774756744845,,,,,,,,nested_ensemble,0,1,1445,2021-01-04,2026-10-05,13520.956127003301,0.5013666113451499,0.0
nested_ensemble,0.46254781720293714,0.06854860777734717,0.16917051561674323,0.29170831235209776,0.41669591631651465,0.21954029463055671,-0.3122370218765582,,,0.6359861591695501,6.3375687955358355,,,,,,,,nested_ensemble,0,2,1445,2021-01-04,2026-10-05,14625.478172029372,0.5006745698226586,0.0
nested_ensemble,0.3040965718541815,0.04739231387620979,0.1674943507684158,0.17354503893919748,0.24553446421261427,0.16120226761692844,-0.29399284871618614,,,0.6366782006920415,6.290157769933709,,,,,,,,nested_ensemble,10,1,1445,2021-01-04,2026-10-05,13040.965718541815,0.5013666113451499,368.93361851253485
nested_ensemble,0.410400269426932,0.061804311932173395,0.1691517295558186,0.2542786494132579,0.3626913663512051,0.19505411591993888,-0.31685725595014536,,,0.6359861591695501,6.335950974486401,,,,,,,,nested_ensemble,10,2,1445,2021-01-04,2026-10-05,14104.00269426932,0.5006745698226586,402.0670898079773
nested_ensemble,0.2578026581405217,0.04081099147730871,0.1675966708054012,0.13591927590383196,0.19200781416921223,0.13661758345596114,-0.2987242962796527,,,0.6366782006920415,6.288545651439728,,,,,,,,nested_ensemble,20,1,1445,2021-01-04,2026-10-05,12578.026581405216,0.5013666113451499,724.5935088283455
nested_ensemble,0.3601132904685369,0.05510275054696079,0.1691501689152594,0.21683758494601502,0.3088169030151526,0.1714209372371147,-0.32144702645477297,,,0.6359861591695501,6.334338040999093,,,,,,,,nested_ensemble,20,2,1445,2021-01-04,2026-10-05,13601.13290468537,0.5006745698226586,789.4670738979077
nested_ensemble,0.1285554381995333,0.021314981624486418,0.16800564754568592,0.02341669038877338,0.032917336463430376,0.06815715674543606,-0.31273284629663944,,,0.6366782006920415,6.2837384159985,,,,,,,,nested_ensemble,50,1,1445,2021-01-04,2026-10-05,11285.554381995333,0.5013666113451499,1716.60211817768
nested_ensemble,0.21976241091130766,0.035251635316319474,0.1692484257616016,0.10455974540053303,0.14818878463220378,0.10521757657870015,-0.3350356134647534,,,0.6359861591695501,6.329528476002196,,,,,,,,nested_ensemble,50,2,1445,2021-01-04,2026-10-05,12197.624109113076,0.5006745698226586,1868.8532666959138
