scope,model,metric,archived,corrected,delta,archived_label,corrected_label,interpretation
test_2021_plus,baseline_sma_20_100,cagr,0.0775178307524793,0.0620345940034225,-0.0154832367490568,AAPL_long_cash_sma_20_100_10bps,AAPL_long_cash_sma_20_100_10bps,"combined accounting, warmup, metric and train-selection changes; same prices"
test_2021_plus,baseline_sma_20_100,sharpe,0.3336159400337546,0.2472537559069433,-0.08636218412681132,AAPL_long_cash_sma_20_100_10bps,AAPL_long_cash_sma_20_100_10bps,"combined accounting, warmup, metric and train-selection changes; same prices"
test_2021_plus,baseline_sma_20_100,max_drawdown,-0.3551961257942223,-0.335286443554305,0.019909682239917292,AAPL_long_cash_sma_20_100_10bps,AAPL_long_cash_sma_20_100_10bps,"combined accounting, warmup, metric and train-selection changes; same prices"
test_2021_plus,baseline_sma_20_100,turnover,3.507692307692308,4.256299381878092,0.748607074185784,AAPL_long_cash_sma_20_100_10bps,AAPL_long_cash_sma_20_100_10bps,"combined accounting, warmup, metric and train-selection changes; same prices"
test_2021_plus,selected_v3,cagr,0.0522726097218921,0.056954924160407,0.004682314438514898,AAPL_long_cash_hysteresis_trend_5_50_entry_0.000_exit_-0.005_hold_20_cool_5_10bps,AAPL_long_cash_hysteresis_trend_50_200_entry_0.020_exit_-0.005_hold_0_cool_0_10bps,"combined accounting, warmup, metric and train-selection changes; same prices"
test_2021_plus,selected_v3,sharpe,0.2012410314142033,0.2205568250415276,0.0193157936273243,AAPL_long_cash_hysteresis_trend_5_50_entry_0.000_exit_-0.005_hold_20_cool_5_10bps,AAPL_long_cash_hysteresis_trend_50_200_entry_0.020_exit_-0.005_hold_0_cool_0_10bps,"combined accounting, warmup, metric and train-selection changes; same prices"
test_2021_plus,selected_v3,max_drawdown,-0.2909831697921811,-0.333605278547311,-0.042622108755129895,AAPL_long_cash_hysteresis_trend_5_50_entry_0.000_exit_-0.005_hold_20_cool_5_10bps,AAPL_long_cash_hysteresis_trend_50_200_entry_0.020_exit_-0.005_hold_0_cool_0_10bps,"combined accounting, warmup, metric and train-selection changes; same prices"
test_2021_plus,selected_v3,turnover,7.2,1.317470416277874,-5.8825295837221265,AAPL_long_cash_hysteresis_trend_5_50_entry_0.000_exit_-0.005_hold_20_cool_5_10bps,AAPL_long_cash_hysteresis_trend_50_200_entry_0.020_exit_-0.005_hold_0_cool_0_10bps,"combined accounting, warmup, metric and train-selection changes; same prices"
test_2021_plus,selected_v6,cagr,0.0484107560222857,0.0595256227361122,0.011114866713826499,AAPL_overlay_ensemble[donchian_252_50+high52_252_0.95_0.85+trend_5_200_entry_0.010_exit_-0.010_hold_10_cool_5]|rs_200_0.5_1.25|vt_20_0.2_10bps,AAPL_overlay_ensemble[atr_trend_200_20_2+donchian_252_50+high52_252_0.95_0.85]|base_variant=ensemble_vote|rs_200_0.5_1.25|vt_20_0.2_10bps,"combined accounting, warmup, metric and train-selection changes; same prices"
test_2021_plus,selected_v6,sharpe,0.1919570102598968,0.2567020269564093,0.0647450166965125,AAPL_overlay_ensemble[donchian_252_50+high52_252_0.95_0.85+trend_5_200_entry_0.010_exit_-0.010_hold_10_cool_5]|rs_200_0.5_1.25|vt_20_0.2_10bps,AAPL_overlay_ensemble[atr_trend_200_20_2+donchian_252_50+high52_252_0.95_0.85]|base_variant=ensemble_vote|rs_200_0.5_1.25|vt_20_0.2_10bps,"combined accounting, warmup, metric and train-selection changes; same prices"
test_2021_plus,selected_v6,max_drawdown,-0.1463617313993126,-0.1566945291785122,-0.010332797779199598,AAPL_overlay_ensemble[donchian_252_50+high52_252_0.95_0.85+trend_5_200_entry_0.010_exit_-0.010_hold_10_cool_5]|rs_200_0.5_1.25|vt_20_0.2_10bps,AAPL_overlay_ensemble[atr_trend_200_20_2+donchian_252_50+high52_252_0.95_0.85]|base_variant=ensemble_vote|rs_200_0.5_1.25|vt_20_0.2_10bps,"combined accounting, warmup, metric and train-selection changes; same prices"
test_2021_plus,selected_v6,turnover,4.4011352271962645,6.416746141936695,2.0156109147404306,AAPL_overlay_ensemble[donchian_252_50+high52_252_0.95_0.85+trend_5_200_entry_0.010_exit_-0.010_hold_10_cool_5]|rs_200_0.5_1.25|vt_20_0.2_10bps,AAPL_overlay_ensemble[atr_trend_200_20_2+donchian_252_50+high52_252_0.95_0.85]|base_variant=ensemble_vote|rs_200_0.5_1.25|vt_20_0.2_10bps,"combined accounting, warmup, metric and train-selection changes; same prices"
full_nested_history,nested_v3,cagr,0.1502658465116837,0.0837654096438567,-0.066500436867827,nested_oos_stitched,nested_oos_stitched,continuous account versus independently reset windows; selection/accounting also changed
full_nested_history,nested_v3,sharpe,0.9012215934018418,0.3594637381476737,-0.5417578552541682,nested_oos_stitched,nested_oos_stitched,continuous account versus independently reset windows; selection/accounting also changed
full_nested_history,nested_v3,max_drawdown,-0.3384710521433963,-0.4010200873851742,-0.0625490352417779,nested_oos_stitched,nested_oos_stitched,continuous account versus independently reset windows; selection/accounting also changed
full_nested_history,nested_ensemble,cagr,0.1192934055222518,0.1277232515881261,0.00842984606587431,nested_ensemble_oos_stitched,nested_ensemble_oos_stitched,continuous account versus independently reset windows; selection/accounting also changed
full_nested_history,nested_ensemble,sharpe,1.195945295122319,0.5909860272089567,-0.6049592679133624,nested_ensemble_oos_stitched,nested_ensemble_oos_stitched,continuous account versus independently reset windows; selection/accounting also changed
full_nested_history,nested_ensemble,max_drawdown,-0.1422738069086756,-0.2939925359470078,-0.1517187290383322,nested_ensemble_oos_stitched,nested_ensemble_oos_stitched,continuous account versus independently reset windows; selection/accounting also changed
