ticker,overlap_sessions,price_ratio_first,price_ratio_last,max_normalized_price_revision,max_daily_return_revision,new_sessions,missing_old_sessions
AAPL,2876,0.9991383559557272,0.999138311158949,6.866305534147799e-07,1.023629808694082e-06,80,0
MSFT,2876,0.9981207098562128,0.9981209908044826,1.1390492815621656e-06,1.0447331494356504e-06,80,0
NVDA,2876,0.9988823427262793,0.9988822757994552,8.002371054693924e-07,1.1744063577179276e-06,80,0
AMZN,2876,1.0,1.0,2.220446049250313e-16,2.220446049250313e-16,80,0
META,2876,0.9982862100729093,0.9982862523057346,5.112977231602756e-07,5.785027117344299e-07,80,0
GOOGL,2876,0.9993574773401931,0.9993576734093405,6.184426979416457e-07,6.494158180103682e-07,80,0
SPY,2876,0.9949595997529175,0.9949597175368696,8.397828725748013e-07,9.97757368281782e-07,80,0
QQQ,2876,0.9978625783167875,0.9978624629435066,7.768037204591849e-07,9.895942116866507e-07,80,0
BIL,2876,0.9882256039383539,0.9882255264674176,1.161438196728426e-06,1.395429230166556e-06,80,0
