policy,scope,bootstrap_iterations,cagr_p05,cagr_p50,cagr_p95,sharpe_p05,sharpe_p50,sharpe_p95,max_drawdown_p05,max_drawdown_p50,max_drawdown_p95,prob_negative_sharpe,prob_negative_cagr,bootstrap_fraction_negative_sharpe,bootstrap_fraction_negative_cagr
aapl_cash_25,conditional_frozen_returns_common_calendar,1000.0,0.02229501190591391,0.07070545352379898,0.11610961871403262,-0.08888529004852773,0.5743042232828861,1.2190560033806184,-0.1539988779095621,-0.09014263009325779,-0.06105560903059548,0.073,0.003,0.073,0.003
aapl_cash_50,conditional_frozen_returns_common_calendar,1000.0,0.008525174709833752,0.10681126252950734,0.20295989426212382,-0.08602740545105629,0.5771479677692279,1.2218261776399408,-0.3244584385314702,-0.1896544507044155,-0.12194503377152822,0.073,0.039,0.073,0.039
aapl_cash_75,conditional_frozen_returns_common_calendar,1000.0,-0.008770760100500383,0.13877714617987946,0.2899033591086311,-0.08316952092628219,0.5799916281839752,1.2245961353068031,-0.46728775449138515,-0.28375007616285636,-0.1848758306987768,0.072,0.062,0.072,0.062
aapl_cash_100,conditional_frozen_returns_common_calendar,1000.0,-0.03041683636769362,0.16686435050516957,0.37939526391079154,-0.0803116367321494,0.5828352042730341,1.2273658761527975,-0.5878930064231384,-0.3694133590374249,-0.24390324726861773,0.071,0.08,0.071,0.08
fixed_sma_20_100,conditional_frozen_returns_common_calendar,1000.0,-0.07183216591937752,0.0617270644240806,0.2115105706695376,-0.4304500408895065,0.2498095131527549,0.9331907011761923,-0.5366316063080704,-0.33279051895750106,-0.20638685162708073,0.285,0.234,0.285,0.234
selected_v3,conditional_frozen_returns_common_calendar,1000.0,-0.08975218679220723,0.06084856460884858,0.21248696062038114,-0.42132216932914135,0.23646416489914118,0.878023856936678,-0.5862251245105307,-0.3648980166934644,-0.22979890205055795,0.281,0.267,0.281,0.267
selected_v6,conditional_frozen_returns_common_calendar,1000.0,-0.04722191910259321,0.0637681762793606,0.17682938109974258,-0.469160121700792,0.28024563778862815,0.9644946035350092,-0.4408654938755428,-0.25621051375718745,-0.15355067133273181,0.279,0.179,0.279,0.179
nested_v3,conditional_frozen_returns_common_calendar,1000.0,-0.12416028671832692,0.004842642202450231,0.14124476382964773,-0.7180121979756716,-0.03621139145794096,0.6314095158971958,-0.6280247776821327,-0.38166697127162885,-0.22453088954018657,0.532,0.478,0.532,0.478
nested_ensemble,conditional_frozen_returns_common_calendar,1000.0,-0.0892329103770107,0.028805084503955025,0.14863568365830537,-0.7105575167731368,0.06011434499635855,0.7502293923121895,-0.5348091869855007,-0.31107455541034623,-0.18344784977942627,0.459,0.374,0.459,0.374
