window_id,train_start,train_end,test_start,test_end,selected_variant,selected_label,selection_status,candidates_evaluated,cagr,sharpe,max_drawdown,turnover,exposure,benchmark_cagr,benchmark_sharpe,excess_cagr_vs_benchmark,independent_window_cagr,independent_window_sharpe,independent_window_max_drawdown,accounting
1,2015-01-01,2017-12-31,2018-01-01,2018-12-31,long_cash_hysteresis,trend_50_200_entry_0.020_exit_0.000_hold_0_cool_5,selected_v3,2152,-0.1363422460495698,-0.45131465015192096,-0.36579953067120463,1.9812084194201232,0.9760956175298805,-0.07081444089844469,-0.17316095542957127,-0.06552780515112511,-0.1363422460495698,-0.45131465015192096,-0.36579953067120463,continuous_account
2,2016-01-01,2018-12-31,2019-01-01,2019-12-31,long_cash_hysteresis,trend_5_100_entry_0.020_exit_-0.010_hold_20_cool_10,selected_v3,2152,0.4434619957104131,1.7908015504979216,-0.1731797933921566,2.97999616202077,0.753968253968254,0.8895784685352297,2.496810671239661,-0.4461164728248166,0.44362014783149273,1.7908015504979216,-0.1731797933921564,continuous_account
3,2017-01-01,2019-12-31,2020-01-01,2020-12-31,long_cash_hysteresis,trend_5_50_entry_0.000_exit_0.000_hold_20_cool_10,selected_v3,2152,0.5534479846279539,1.5162373516861347,-0.28438542960322355,3.8754179512260842,0.8063241106719368,0.8187455036204547,1.5108913357526557,-0.26529751899250087,0.5322563771717448,1.477595347276648,-0.2843854296032232,continuous_account
4,2018-01-01,2020-12-31,2021-01-01,2021-12-31,long_cash_hysteresis,trend_10_50_entry_0.000_exit_0.000_hold_20_cool_5,selected_v3,2152,0.13907057401486966,0.7502849139388101,-0.1849359697056029,5.988643477226348,0.6706349206349206,0.34648153831205186,1.3172665214906258,-0.2074109642971822,0.15239896998887215,0.8137216314567708,-0.18493596970560255,continuous_account
5,2019-01-01,2021-12-31,2022-01-01,2022-12-31,long_qqq_regime,trend_5_100_entry_0.010_exit_-0.010_hold_20_cool_5,selected_v3,2152,-0.26349312995198726,-1.5307757947792215,-0.28676460769685463,5.02951337769869,0.4342629482071713,-0.2649401520902366,-0.724627502348715,0.001447022138249321,-0.27290761083746984,-1.6163662725356231,-0.2782387552889306,continuous_account
6,2020-01-01,2022-12-31,2023-01-01,2023-12-31,long_cash_hysteresis,trend_50_100_entry_0.005_exit_0.000_hold_0_cool_5,selected_v3,2152,0.08951459452006572,0.3250195269975951,-0.1442785630482244,3.0259361923525603,0.584,0.4948424441197945,1.8478922361283134,-0.4053278495997288,0.08939482041852731,0.3250195269975951,-0.14427856304822428,continuous_account
7,2021-01-01,2023-12-31,2024-01-01,2024-12-31,long_qqq_regime,trend_50_100_entry_0.000_exit_0.000_hold_20_cool_0,selected_v3,2152,0.14407145206733163,0.5340697247109961,-0.16043414752051532,4.030473384845769,1.0,0.3070522943196363,1.072697876966271,-0.1629808422523047,0.19468284195116903,0.7714715359320098,-0.16043414752051544,continuous_account
8,2022-01-01,2024-12-31,2025-01-01,2025-12-31,long_spy_regime,trend_5_200_entry_0.000_exit_-0.005_hold_10_cool_0,selected_v3,2152,-0.023629534210954595,-0.15720212135634606,-0.24636401784840434,6.088002578960141,0.804,0.09128243327207985,0.30307311224707073,-0.11491196748303445,0.004024123015015979,-0.0398597590825571,-0.23707715459699863,continuous_account
9,2023-01-01,2025-12-31,2026-01-01,2026-06-10,long_cash_hysteresis,trend_20_50_entry_0.010_exit_-0.010_hold_0_cool_5,selected_v3,2152,-0.017563172640196023,-0.2936804793403636,-0.10030271084425646,9.152441892677388,0.5181818181818182,0.17901370408034367,0.6517730382833927,-0.1965768767205397,0.01926892415022552,-0.03472581040587642,-0.08573178817129845,continuous_account
