name,total_return,cagr,ann_volatility,sharpe,sortino,calmar,max_drawdown,trades,win_rate,exposure,turnover,average_trade_return,average_win,average_loss,profit_factor,cost_drag,excess_cagr_vs_benchmark,drawdown_improvement_vs_benchmark,ticker,label,variant,risk_free_rate,short_window,long_window,spread_threshold,momentum_window,partial_exposure,entry_threshold,exit_threshold,min_hold_days,cooldown_days,cost_bps,benchmark_total_return,benchmark_cagr,benchmark_sharpe,benchmark_max_drawdown,upside_capture,downside_capture,capture_spread,missed_return_while_in_cash,avoided_downside_while_out,average_holding_days,median_holding_days,trade_frequency_per_year,fallback_exposure,average_target_exposure,volatility_adjusted_exposure,risk_price_sma_window,risk_drawdown_threshold,risk_volatility_window,risk_max_realized_volatility,risk_sharp_loss_threshold,target_volatility,sizing_window,fallback_asset,fallback_weight,fallback_min_hold_days,fallback_cooldown_days,hybrid_fallback,cagr_20bps,sharpe_20bps,selection_score,robust_20bps,passes_selection
AAPL_long_cash_hysteresis_trend_5_50_entry_0.000_exit_-0.005_hold_20_cool_5_10bps,3.8053091552852747,0.2992659122015653,0.20545315380436827,1.338294339791388,1.6321321204573276,1.3608237653523068,-0.2199152600219968,15,0.6428571428571429,0.6962276637988087,4.836532097948378,0.12391596550305246,0.2191270008511202,-0.04746389812346945,8.310076018323986,0.14123786816986694,-0.02261900137475137,0.16524385424617472,AAPL,allocation_train,long_cash_hysteresis,0.008039496216814625,5,50,0.0,,False,0.0,-0.005,20,5,10.0,4.329226286257599,0.32188491357631666,1.0639760071469957,-0.3851591142681715,0.6262979795458047,0.5697193064079955,0.05657867313780918,0.22462265237948198,3.6932434209831855,70.13333333333334,66.0,2.5017123287671232,0.0,0.6962276637988087,,,,,,,,,cash,0.0,0,0,False,0.29299756973057645,1.3146128333018496,1.5267208951981055,True,True
AAPL_long_cash_hysteresis_trend_5_50_entry_0.000_exit_-0.005_hold_20_cool_0_10bps,3.8053091552852747,0.2992659122015653,0.20545315380436827,1.338294339791388,1.6321321204573276,1.3608237653523068,-0.2199152600219968,15,0.6428571428571429,0.6962276637988087,4.836532097948378,0.12391596550305246,0.2191270008511202,-0.04746389812346945,8.310076018323986,0.14123786816986694,-0.02261900137475137,0.16524385424617472,AAPL,allocation_train,long_cash_hysteresis,0.008039496216814625,5,50,0.0,,False,0.0,-0.005,20,0,10.0,4.329226286257599,0.32188491357631666,1.0639760071469957,-0.3851591142681715,0.6262979795458047,0.5697193064079955,0.05657867313780918,0.22462265237948198,3.6932434209831855,70.13333333333334,66.0,2.5017123287671232,0.0,0.6962276637988087,,,,,,,,,cash,0.0,0,0,False,0.29299756973057645,1.3146128333018496,1.5267208951981055,True,True
AAPL_long_cash_hysteresis_trend_5_50_entry_0.000_exit_-0.005_hold_20_cool_10_10bps,3.696777897896709,0.29432506086380883,0.2057277311535846,1.3183120493029583,1.5922660556271038,1.0788651129659026,-0.27280987894277287,14,0.6923076923076923,0.6962276637988087,4.502978160158835,0.13664896979052316,0.2191270008511202,-0.048926600095820116,10.07704910926646,0.12854119913092266,-0.027559852712507826,0.11234923532539864,AAPL,allocation_train,long_cash_hysteresis,0.008039496216814625,5,50,0.0,,False,0.0,-0.005,20,10,10.0,4.329226286257599,0.32188491357631666,1.0639760071469957,-0.3851591142681715,0.6256778450215433,0.5715801517480588,0.05409769327348457,0.24906846130378812,3.6771997842131876,75.14285714285714,68.0,2.334931506849315,0.0,0.6962276637988087,,,,,,,,,cash,0.0,0,0,False,0.28850387169690106,1.2961504203209733,1.4886926014231132,True,True
AAPL_long_cash_hysteresis_trend_5_50_entry_0.000_exit_0.000_hold_20_cool_0_10bps,3.7279815411289503,0.2957552580330982,0.20504297956806675,1.3273552568336953,1.6115511464326853,1.344860097491716,-0.21991526002199646,17,0.5625,0.6889477167438782,5.5036399735274655,0.10649648806876291,0.21708294874788772,-0.035686104232969015,7.821157685581311,0.15824113542735674,-0.026129655543218444,0.16524385424617505,AAPL,allocation_train,long_cash_hysteresis,0.008039496216814625,5,50,0.0,,False,0.0,0.0,20,0,10.0,4.329226286257599,0.32188491357631666,1.0639760071469957,-0.3851591142681715,0.621695623926931,0.5660306487985172,0.05566497512841384,0.23769267909614178,3.7264067593182006,61.23529411764706,38.0,2.83527397260274,0.0,0.6889477167438782,,,,,,,,,cash,0.0,0,0,False,0.28865318777407234,1.3005851398258295,1.4855868430487824,True,True
AAPL_long_cash_hysteresis_trend_5_50_entry_0.005_exit_-0.005_hold_20_cool_0_10bps,3.5600205028028764,0.2879619227324397,0.2044887993209125,1.3008633775264737,1.5746723769744515,1.3830147273562117,-0.20821320050793046,15,0.6428571428571429,0.6823295830575777,4.836532097948378,0.1194070948338647,0.21165313140089917,-0.046635770986797276,8.169172042410832,0.13380022938039726,-0.033922990843876955,0.17694591376024105,AAPL,allocation_train,long_cash_hysteresis,0.008039496216814625,5,50,0.0,,False,0.005,-0.005,20,0,10.0,4.329226286257599,0.32188491357631666,1.0639760071469957,-0.3851591142681715,0.6155678423848492,0.5628248983300562,0.05274294405479296,0.2788033012415515,3.7509511024586293,68.73333333333333,62.0,2.5017123287671232,0.0,0.6823295830575777,,,,,,,,,cash,0.0,0,0,False,0.28175852528567846,1.2773382400658666,1.483836973221099,True,True
AAPL_long_cash_hysteresis_trend_5_50_entry_0.005_exit_-0.005_hold_20_cool_5_10bps,3.5600205028028764,0.2879619227324397,0.2044887993209125,1.3008633775264737,1.5746723769744515,1.3830147273562117,-0.20821320050793046,15,0.6428571428571429,0.6823295830575777,4.836532097948378,0.1194070948338647,0.21165313140089917,-0.046635770986797276,8.169172042410832,0.13380022938039726,-0.033922990843876955,0.17694591376024105,AAPL,allocation_train,long_cash_hysteresis,0.008039496216814625,5,50,0.0,,False,0.005,-0.005,20,5,10.0,4.329226286257599,0.32188491357631666,1.0639760071469957,-0.3851591142681715,0.6155678423848492,0.5628248983300562,0.05274294405479296,0.2788033012415515,3.7509511024586293,68.73333333333333,62.0,2.5017123287671232,0.0,0.6823295830575777,,,,,,,,,cash,0.0,0,0,False,0.28175852528567846,1.2773382400658666,1.483836973221099,True,True
AAPL_long_cash_hysteresis_trend_5_50_entry_0.000_exit_-0.005_hold_10_cool_0_10bps,3.4258984087140787,0.2815650387276467,0.20044640731569452,1.2981204049718083,1.5889671949494104,1.3818705967928882,-0.2037564438964954,16,0.6,0.6823295830575777,5.1700860357379215,0.1091743181334104,0.21088494985721815,-0.04339162945230122,7.290056372129421,0.1391810441882626,-0.040319874848669945,0.18140267037167612,AAPL,allocation_train,long_cash_hysteresis,0.008039496216814625,5,50,0.0,,False,0.0,-0.005,10,0,10.0,4.329226286257599,0.32188491357631666,1.0639760071469957,-0.3851591142681715,0.6043064013008951,0.5530827756094803,0.05122362569141481,0.31115949119717823,3.836028554940421,64.4375,56.0,2.668493150684932,0.0,0.6823295830575777,,,,,,,,,cash,0.0,0,0,False,0.27495754656727556,1.2722024745597695,1.4635833374557763,True,True
AAPL_long_cash_hysteresis_trend_5_50_entry_0.000_exit_-0.005_hold_10_cool_5_10bps,3.4258984087140787,0.2815650387276467,0.20044640731569452,1.2981204049718083,1.5889671949494104,1.3818705967928882,-0.2037564438964954,16,0.6,0.6823295830575777,5.1700860357379215,0.1091743181334104,0.21088494985721815,-0.04339162945230122,7.290056372129421,0.1391810441882626,-0.040319874848669945,0.18140267037167612,AAPL,allocation_train,long_cash_hysteresis,0.008039496216814625,5,50,0.0,,False,0.0,-0.005,10,5,10.0,4.329226286257599,0.32188491357631666,1.0639760071469957,-0.3851591142681715,0.6043064013008951,0.5530827756094803,0.05122362569141481,0.31115949119717823,3.836028554940421,64.4375,56.0,2.668493150684932,0.0,0.6823295830575777,,,,,,,,,cash,0.0,0,0,False,0.27495754656727556,1.2722024745597695,1.4635833374557763,True,True
AAPL_long_cash_hysteresis_trend_5_50_entry_0.020_exit_-0.005_hold_20_cool_5_10bps,3.3218467430537792,0.2764901229057244,0.19905745635558944,1.2858872589680046,1.5274511187697721,1.0902062564062394,-0.2536126730891709,13,0.5833333333333334,0.6492389146260754,4.169424222369292,0.1378771499713063,0.2628863188464189,-0.037135686453851326,9.910705349215837,0.10993982469210906,-0.04539479067059227,0.1315464411790006,AAPL,allocation_train,long_cash_hysteresis,0.008039496216814625,5,50,0.0,,False,0.02,-0.005,20,5,10.0,4.329226286257599,0.32188491357631666,1.0639760071469957,-0.3851591142681715,0.5845431346589959,0.5319324757600133,0.05261065889898253,0.3441780934693309,4.018699675449248,75.46153846153847,66.0,2.168150684931507,0.0,0.6492389146260754,,,,,,,,,cash,0.0,0,0,False,0.2711480550033898,1.2640523004072033,1.4613736335684575,True,True
AAPL_long_cash_hysteresis_trend_5_50_entry_0.020_exit_-0.005_hold_20_cool_0_10bps,3.3218467430537792,0.2764901229057244,0.19905745635558944,1.2858872589680046,1.5274511187697721,1.0902062564062394,-0.2536126730891709,13,0.5833333333333334,0.6492389146260754,4.169424222369292,0.1378771499713063,0.2628863188464189,-0.037135686453851326,9.910705349215837,0.10993982469210906,-0.04539479067059227,0.1315464411790006,AAPL,allocation_train,long_cash_hysteresis,0.008039496216814625,5,50,0.0,,False,0.02,-0.005,20,0,10.0,4.329226286257599,0.32188491357631666,1.0639760071469957,-0.3851591142681715,0.5845431346589959,0.5319324757600133,0.05261065889898253,0.3441780934693309,4.018699675449248,75.46153846153847,66.0,2.168150684931507,0.0,0.6492389146260754,,,,,,,,,cash,0.0,0,0,False,0.2711480550033898,1.2640523004072033,1.4613736335684575,True,True
AAPL_long_cash_hysteresis_trend_5_50_entry_0.020_exit_-0.005_hold_20_cool_10_10bps,3.3218467430537792,0.2764901229057244,0.19905745635558944,1.2858872589680046,1.5274511187697721,1.0902062564062394,-0.2536126730891709,13,0.5833333333333334,0.6492389146260754,4.169424222369292,0.1378771499713063,0.2628863188464189,-0.037135686453851326,9.910705349215837,0.10993982469210906,-0.04539479067059227,0.1315464411790006,AAPL,allocation_train,long_cash_hysteresis,0.008039496216814625,5,50,0.0,,False,0.02,-0.005,20,10,10.0,4.329226286257599,0.32188491357631666,1.0639760071469957,-0.3851591142681715,0.5845431346589959,0.5319324757600133,0.05261065889898253,0.3441780934693309,4.018699675449248,75.46153846153847,66.0,2.168150684931507,0.0,0.6492389146260754,,,,,,,,,cash,0.0,0,0,False,0.2711480550033898,1.2640523004072033,1.4613736335684575,True,True
AAPL_long_cash_hysteresis_trend_5_50_entry_0.000_exit_0.000_hold_20_cool_10_10bps,3.4874526222865327,0.28452060529554113,0.20182476626696555,1.302143629008921,1.5594836222117607,1.0429263280279701,-0.27280987894277287,16,0.6,0.6770350761085374,5.1700860357379215,0.11347966344560909,0.2123368393131461,-0.03480610035569642,9.150845849284925,0.14145730887687247,-0.03736430828077553,0.11234923532539864,AAPL,allocation_train,long_cash_hysteresis,0.008039496216814625,5,50,0.0,,False,0.0,0.0,20,10,10.0,4.329226286257599,0.32188491357631666,1.0639760071469957,-0.3851591142681715,0.6045249316603133,0.5515292576676099,0.05299567399270344,0.29668998553110937,3.8517069321696757,63.9375,51.0,2.668493150684932,0.0,0.6770350761085374,,,,,,,,,cash,0.0,0,0,False,0.27788216170018054,1.2760240564629683,1.4360354105376447,True,True
AAPL_long_cash_hysteresis_trend_5_200_entry_0.010_exit_-0.010_hold_10_cool_5_10bps,3.515656848667806,0.28586357801944673,0.24032257019825018,1.1336481635170892,1.241231431033397,0.8461677894957024,-0.33783320704019615,4,0.6666666666666666,0.6598279285241562,1.1674387822634018,0.3362934475258453,0.5197470558177378,-0.030613769057939777,33.95511704776121,0.031925405143226726,-0.03602133555686993,0.04732590722797536,AAPL,allocation_train,long_cash_hysteresis,0.008039496216814625,5,200,0.0,,False,0.01,-0.01,10,5,10.0,4.329226286257599,0.32188491357631666,1.0639760071469957,-0.3851591142681715,0.664517339821522,0.6184641599500684,0.04605317987145352,0.2578815331174614,3.2668464484835793,249.25,193.0,0.667123287671233,0.0,0.6598279285241562,,,,,,,,,cash,0.0,0,0,False,0.2843520789077141,1.1286055600067437,1.3964771438599874,True,True
AAPL_long_cash_hysteresis_trend_5_200_entry_0.010_exit_-0.010_hold_20_cool_0_10bps,3.515656848667806,0.28586357801944673,0.24032257019825018,1.1336481635170892,1.241231431033397,0.8461677894957024,-0.33783320704019615,4,0.6666666666666666,0.6598279285241562,1.1674387822634018,0.3362934475258453,0.5197470558177378,-0.030613769057939777,33.95511704776121,0.031925405143226726,-0.03602133555686993,0.04732590722797536,AAPL,allocation_train,long_cash_hysteresis,0.008039496216814625,5,200,0.0,,False,0.01,-0.01,20,0,10.0,4.329226286257599,0.32188491357631666,1.0639760071469957,-0.3851591142681715,0.664517339821522,0.6184641599500684,0.04605317987145352,0.2578815331174614,3.2668464484835793,249.25,193.0,0.667123287671233,0.0,0.6598279285241562,,,,,,,,,cash,0.0,0,0,False,0.2843520789077141,1.1286055600067437,1.3964771438599874,True,True
AAPL_long_cash_hysteresis_trend_5_200_entry_0.010_exit_-0.010_hold_20_cool_5_10bps,3.515656848667806,0.28586357801944673,0.24032257019825018,1.1336481635170892,1.241231431033397,0.8461677894957024,-0.33783320704019615,4,0.6666666666666666,0.6598279285241562,1.1674387822634018,0.3362934475258453,0.5197470558177378,-0.030613769057939777,33.95511704776121,0.031925405143226726,-0.03602133555686993,0.04732590722797536,AAPL,allocation_train,long_cash_hysteresis,0.008039496216814625,5,200,0.0,,False,0.01,-0.01,20,5,10.0,4.329226286257599,0.32188491357631666,1.0639760071469957,-0.3851591142681715,0.664517339821522,0.6184641599500684,0.04605317987145352,0.2578815331174614,3.2668464484835793,249.25,193.0,0.667123287671233,0.0,0.6598279285241562,,,,,,,,,cash,0.0,0,0,False,0.2843520789077141,1.1286055600067437,1.3964771438599874,True,True
AAPL_long_cash_hysteresis_trend_5_200_entry_0.010_exit_-0.010_hold_10_cool_0_10bps,3.515656848667806,0.28586357801944673,0.24032257019825018,1.1336481635170892,1.241231431033397,0.8461677894957024,-0.33783320704019615,4,0.6666666666666666,0.6598279285241562,1.1674387822634018,0.3362934475258453,0.5197470558177378,-0.030613769057939777,33.95511704776121,0.031925405143226726,-0.03602133555686993,0.04732590722797536,AAPL,allocation_train,long_cash_hysteresis,0.008039496216814625,5,200,0.0,,False,0.01,-0.01,10,0,10.0,4.329226286257599,0.32188491357631666,1.0639760071469957,-0.3851591142681715,0.664517339821522,0.6184641599500684,0.04605317987145352,0.2578815331174614,3.2668464484835793,249.25,193.0,0.667123287671233,0.0,0.6598279285241562,,,,,,,,,cash,0.0,0,0,False,0.2843520789077141,1.1286055600067437,1.3964771438599874,True,True
AAPL_long_cash_hysteresis_trend_5_200_entry_0.010_exit_-0.010_hold_20_cool_10_10bps,3.314681699527701,0.2761369290015345,0.23624196396882594,1.1170467087008844,1.2120547472083278,0.9185915342949159,-0.3006090505868739,4,0.6666666666666666,0.6558570483123759,1.1674387822634018,0.3362934475258453,0.5197470558177378,-0.030613769057939777,33.95511704776121,0.030231792950050185,-0.04574798457478213,0.08455006368129758,AAPL,allocation_train,long_cash_hysteresis,0.008039496216814625,5,200,0.0,,False,0.01,-0.01,20,10,10.0,4.329226286257599,0.32188491357631666,1.0639760071469957,-0.3851591142681715,0.6521185904737871,0.6092457093823116,0.04287288109147547,0.30882935998753225,3.3454175408884366,247.75,190.0,0.667123287671233,0.0,0.6558570483123759,,,,,,,,,cash,0.0,0,0,False,0.2746502343371666,1.1121161699267383,1.3887611182525317,True,True
AAPL_long_cash_hysteresis_trend_5_200_entry_0.010_exit_-0.010_hold_10_cool_10_10bps,3.314681699527701,0.2761369290015345,0.23624196396882594,1.1170467087008844,1.2120547472083278,0.9185915342949159,-0.3006090505868739,4,0.6666666666666666,0.6558570483123759,1.1674387822634018,0.3362934475258453,0.5197470558177378,-0.030613769057939777,33.95511704776121,0.030231792950050185,-0.04574798457478213,0.08455006368129758,AAPL,allocation_train,long_cash_hysteresis,0.008039496216814625,5,200,0.0,,False,0.01,-0.01,10,10,10.0,4.329226286257599,0.32188491357631666,1.0639760071469957,-0.3851591142681715,0.6521185904737871,0.6092457093823116,0.04287288109147547,0.30882935998753225,3.3454175408884366,247.75,190.0,0.667123287671233,0.0,0.6558570483123759,,,,,,,,,cash,0.0,0,0,False,0.2746502343371666,1.1121161699267383,1.3887611182525317,True,True
AAPL_long_cash_hysteresis_trend_5_200_entry_0.010_exit_-0.010_hold_0_cool_10_10bps,3.314681699527701,0.2761369290015345,0.23624196396882594,1.1170467087008844,1.2120547472083278,0.9185915342949159,-0.3006090505868739,4,0.6666666666666666,0.6558570483123759,1.1674387822634018,0.3362934475258453,0.5197470558177378,-0.030613769057939777,33.95511704776121,0.030231792950050185,-0.04574798457478213,0.08455006368129758,AAPL,allocation_train,long_cash_hysteresis,0.008039496216814625,5,200,0.0,,False,0.01,-0.01,0,10,10.0,4.329226286257599,0.32188491357631666,1.0639760071469957,-0.3851591142681715,0.6521185904737871,0.6092457093823116,0.04287288109147547,0.30882935998753225,3.3454175408884366,247.75,190.0,0.667123287671233,0.0,0.6558570483123759,,,,,,,,,cash,0.0,0,0,False,0.2746502343371666,1.1121161699267383,1.3887611182525317,True,True
AAPL_long_cash_hysteresis_trend_50_200_entry_0.020_exit_-0.010_hold_0_cool_0_10bps,3.5321816897222824,0.28664718126856936,0.25020961604251635,1.1007267383405956,1.229346526758489,0.7694941693591782,-0.3725137794186073,2,1.0,0.6532097948378557,0.500330906684315,0.5772180396393309,0.5772180396393309,,,0.013669486009327159,-0.035237732307747294,0.012645334849564205,AAPL,allocation_train,long_cash_hysteresis,0.008039496216814625,50,200,0.0,,False,0.02,-0.01,0,0,10.0,4.329226286257599,0.32188491357631666,1.0639760071469957,-0.3851591142681715,0.6895746463802458,0.647110235011991,0.04246441136825474,0.2437502147566034,3.0182920870814236,493.5,493.5,0.3335616438356165,0.0,0.6532097948378557,,,,,,,,,cash,0.0,0,0,False,0.28600045042903544,1.0986790508335058,1.3736833507665744,True,True
AAPL_hybrid_qqq_regime_trend_5_200_entry_0.010_exit_-0.010_hold_10_cool_5_10bps,3.863426005186776,0.30187354979979264,0.25294073797090416,1.1383051124375951,1.3209236248434075,1.0052944582092922,-0.30028371024496947,3,0.5,0.7637326273990734,3.0019854401058903,0.4554532578977611,1.0474599799574276,-0.1365534641619054,7.670695037919366,0.08913323248092908,-0.020011363776524016,0.08487540402320204,AAPL,allocation_train,hybrid_qqq_regime,0.008039496216814625,5,200,0.0,,False,0.01,-0.01,10,5,10.0,4.329226286257599,0.32188491357631666,1.0639760071469957,-0.3851591142681715,0.7338410710035793,0.6926312121662722,0.0412098588373071,0.25719945205655254,3.2568327624037914,250.5,194.0,0.5003424657534247,0.10225016545334216,0.6614824619457313,,,,,,,,,cash,0.0,0,0,False,0.29793088319258043,1.1258466749129483,1.3625369466447532,True,True
AAPL_hybrid_qqq_regime_trend_5_200_entry_0.010_exit_-0.010_hold_20_cool_0_10bps,3.863426005186776,0.30187354979979264,0.25294073797090416,1.1383051124375951,1.3209236248434075,1.0052944582092922,-0.30028371024496947,3,0.5,0.7637326273990734,3.0019854401058903,0.4554532578977611,1.0474599799574276,-0.1365534641619054,7.670695037919366,0.08913323248092908,-0.020011363776524016,0.08487540402320204,AAPL,allocation_train,hybrid_qqq_regime,0.008039496216814625,5,200,0.0,,False,0.01,-0.01,20,0,10.0,4.329226286257599,0.32188491357631666,1.0639760071469957,-0.3851591142681715,0.7338410710035793,0.6926312121662722,0.0412098588373071,0.25719945205655254,3.2568327624037914,250.5,194.0,0.5003424657534247,0.10225016545334216,0.6614824619457313,,,,,,,,,cash,0.0,0,0,False,0.29793088319258043,1.1258466749129483,1.3625369466447532,True,True
AAPL_hybrid_qqq_regime_trend_5_200_entry_0.010_exit_-0.010_hold_20_cool_5_10bps,3.863426005186776,0.30187354979979264,0.25294073797090416,1.1383051124375951,1.3209236248434075,1.0052944582092922,-0.30028371024496947,3,0.5,0.7637326273990734,3.0019854401058903,0.4554532578977611,1.0474599799574276,-0.1365534641619054,7.670695037919366,0.08913323248092908,-0.020011363776524016,0.08487540402320204,AAPL,allocation_train,hybrid_qqq_regime,0.008039496216814625,5,200,0.0,,False,0.01,-0.01,20,5,10.0,4.329226286257599,0.32188491357631666,1.0639760071469957,-0.3851591142681715,0.7338410710035793,0.6926312121662722,0.0412098588373071,0.25719945205655254,3.2568327624037914,250.5,194.0,0.5003424657534247,0.10225016545334216,0.6614824619457313,,,,,,,,,cash,0.0,0,0,False,0.29793088319258043,1.1258466749129483,1.3625369466447532,True,True
AAPL_hybrid_qqq_regime_trend_5_200_entry_0.010_exit_-0.010_hold_10_cool_0_10bps,3.863426005186776,0.30187354979979264,0.25294073797090416,1.1383051124375951,1.3209236248434075,1.0052944582092922,-0.30028371024496947,3,0.5,0.7637326273990734,3.0019854401058903,0.4554532578977611,1.0474599799574276,-0.1365534641619054,7.670695037919366,0.08913323248092908,-0.020011363776524016,0.08487540402320204,AAPL,allocation_train,hybrid_qqq_regime,0.008039496216814625,5,200,0.0,,False,0.01,-0.01,10,0,10.0,4.329226286257599,0.32188491357631666,1.0639760071469957,-0.3851591142681715,0.7338410710035793,0.6926312121662722,0.0412098588373071,0.25719945205655254,3.2568327624037914,250.5,194.0,0.5003424657534247,0.10225016545334216,0.6614824619457313,,,,,,,,,cash,0.0,0,0,False,0.29793088319258043,1.1258466749129483,1.3625369466447532,True,True
AAPL_long_qqq_regime_trend_5_200_entry_0.010_exit_-0.010_hold_20_cool_10_10bps,3.8586542856287105,0.30166042936088866,0.2516399822033221,1.142275698827295,1.3238108694579884,1.0045847279387758,-0.30028371024496925,3,0.5,0.7637326273990734,3.168762409000662,0.4592078008801997,1.0549690659223048,-0.1365534641619054,7.7256851182586965,0.09352418501472837,-0.020224484215427996,0.08487540402320226,AAPL,allocation_train,long_qqq_regime,0.008039496216814625,5,200,0.0,,False,0.01,-0.01,20,10,10.0,4.329226286257599,0.32188491357631666,1.0639760071469957,-0.3851591142681715,0.7313245747205412,0.6898825132308748,0.04144206148966645,0.30882935998753225,3.3454175408884366,247.75,190.0,0.5003424657534247,0.10787557908669755,0.6558570483123759,,,,,,,,,cash,0.0,0,0,False,0.29752070983989176,1.129329272553149,1.3596233338397583,True,True
AAPL_long_qqq_regime_trend_5_200_entry_0.010_exit_-0.010_hold_10_cool_10_10bps,3.8586542856287105,0.30166042936088866,0.2516399822033221,1.142275698827295,1.3238108694579884,1.0045847279387758,-0.30028371024496925,3,0.5,0.7637326273990734,3.168762409000662,0.4592078008801997,1.0549690659223048,-0.1365534641619054,7.7256851182586965,0.09352418501472837,-0.020224484215427996,0.08487540402320226,AAPL,allocation_train,long_qqq_regime,0.008039496216814625,5,200,0.0,,False,0.01,-0.01,10,10,10.0,4.329226286257599,0.32188491357631666,1.0639760071469957,-0.3851591142681715,0.7313245747205412,0.6898825132308748,0.04144206148966645,0.30882935998753225,3.3454175408884366,247.75,190.0,0.5003424657534247,0.10787557908669755,0.6558570483123759,,,,,,,,,cash,0.0,0,0,False,0.29752070983989176,1.129329272553149,1.3596233338397583,True,True
AAPL_long_qqq_regime_trend_5_200_entry_0.010_exit_-0.010_hold_0_cool_10_10bps,3.8586542856287105,0.30166042936088866,0.2516399822033221,1.142275698827295,1.3238108694579884,1.0045847279387758,-0.30028371024496925,3,0.5,0.7637326273990734,3.168762409000662,0.4592078008801997,1.0549690659223048,-0.1365534641619054,7.7256851182586965,0.09352418501472837,-0.020224484215427996,0.08487540402320226,AAPL,allocation_train,long_qqq_regime,0.008039496216814625,5,200,0.0,,False,0.01,-0.01,0,10,10.0,4.329226286257599,0.32188491357631666,1.0639760071469957,-0.3851591142681715,0.7313245747205412,0.6898825132308748,0.04144206148966645,0.30882935998753225,3.3454175408884366,247.75,190.0,0.5003424657534247,0.10787557908669755,0.6558570483123759,,,,,,,,,cash,0.0,0,0,False,0.29752070983989176,1.129329272553149,1.3596233338397583,True,True
AAPL_hybrid_spy_regime_trend_5_200_entry_0.010_exit_-0.010_hold_10_cool_5_10bps,3.8755237349580725,0.30241309379734327,0.24988864619329393,1.15070823410616,1.3328730375209241,0.9488865305567641,-0.3187031157665404,3,0.5,0.7538054268696228,3.168762409000662,0.38927499554237205,0.86011226172601,-0.08156227064126587,10.545467346158484,0.09443023979159992,-0.019471819778973387,0.06645599850163109,AAPL,allocation_train,hybrid_spy_regime,0.008039496216814625,5,200,0.0,,False,0.01,-0.01,10,5,10.0,4.329226286257599,0.32188491357631666,1.0639760071469957,-0.3851591142681715,0.7141366083089168,0.6687310166394417,0.04540559166947511,0.2507985421571789,3.2514189265042077,201.4,192.0,0.5003424657534247,0.09066843150231635,0.6631369953673064,,,,,,,,,cash,0.0,0,0,False,0.2982473081308501,1.137345951142378,1.3595988307942923,True,True
AAPL_hybrid_spy_regime_trend_5_200_entry_0.010_exit_-0.010_hold_20_cool_0_10bps,3.8755237349580725,0.30241309379734327,0.24988864619329393,1.15070823410616,1.3328730375209241,0.9488865305567641,-0.3187031157665404,3,0.5,0.7538054268696228,3.168762409000662,0.38927499554237205,0.86011226172601,-0.08156227064126587,10.545467346158484,0.09443023979159992,-0.019471819778973387,0.06645599850163109,AAPL,allocation_train,hybrid_spy_regime,0.008039496216814625,5,200,0.0,,False,0.01,-0.01,20,0,10.0,4.329226286257599,0.32188491357631666,1.0639760071469957,-0.3851591142681715,0.7141366083089168,0.6687310166394417,0.04540559166947511,0.2507985421571789,3.2514189265042077,201.4,192.0,0.5003424657534247,0.09066843150231635,0.6631369953673064,,,,,,,,,cash,0.0,0,0,False,0.2982473081308501,1.137345951142378,1.3595988307942923,True,True
AAPL_hybrid_spy_regime_trend_5_200_entry_0.010_exit_-0.010_hold_20_cool_5_10bps,3.8755237349580725,0.30241309379734327,0.24988864619329393,1.15070823410616,1.3328730375209241,0.9488865305567641,-0.3187031157665404,3,0.5,0.7538054268696228,3.168762409000662,0.38927499554237205,0.86011226172601,-0.08156227064126587,10.545467346158484,0.09443023979159992,-0.019471819778973387,0.06645599850163109,AAPL,allocation_train,hybrid_spy_regime,0.008039496216814625,5,200,0.0,,False,0.01,-0.01,20,5,10.0,4.329226286257599,0.32188491357631666,1.0639760071469957,-0.3851591142681715,0.7141366083089168,0.6687310166394417,0.04540559166947511,0.2507985421571789,3.2514189265042077,201.4,192.0,0.5003424657534247,0.09066843150231635,0.6631369953673064,,,,,,,,,cash,0.0,0,0,False,0.2982473081308501,1.137345951142378,1.3595988307942923,True,True
AAPL_hybrid_spy_regime_trend_5_200_entry_0.010_exit_-0.010_hold_10_cool_0_10bps,3.8755237349580725,0.30241309379734327,0.24988864619329393,1.15070823410616,1.3328730375209241,0.9488865305567641,-0.3187031157665404,3,0.5,0.7538054268696228,3.168762409000662,0.38927499554237205,0.86011226172601,-0.08156227064126587,10.545467346158484,0.09443023979159992,-0.019471819778973387,0.06645599850163109,AAPL,allocation_train,hybrid_spy_regime,0.008039496216814625,5,200,0.0,,False,0.01,-0.01,10,0,10.0,4.329226286257599,0.32188491357631666,1.0639760071469957,-0.3851591142681715,0.7141366083089168,0.6687310166394417,0.04540559166947511,0.2507985421571789,3.2514189265042077,201.4,192.0,0.5003424657534247,0.09066843150231635,0.6631369953673064,,,,,,,,,cash,0.0,0,0,False,0.2982473081308501,1.137345951142378,1.3595988307942923,True,True
AAPL_long_qqq_regime_trend_5_200_entry_0.010_exit_-0.010_hold_10_cool_5_10bps,3.825350556033343,0.30016810125024485,0.25293664632560386,1.1331329651980295,1.3150895744995363,0.9996150007783303,-0.30028371024496925,3,0.5,0.7637326273990734,3.168762409000662,0.4592078008801997,1.0549690659223048,-0.1365534641619054,7.7256851182586965,0.09350121121854649,-0.02171681232607181,0.08487540402320226,AAPL,allocation_train,long_qqq_regime,0.008039496216814625,5,200,0.0,,False,0.01,-0.01,10,5,10.0,4.329226286257599,0.32188491357631666,1.0639760071469957,-0.3851591142681715,0.733086089911093,0.6926247395159315,0.04046135039516152,0.2578815331174614,3.2668464484835793,249.25,193.0,0.5003424657534247,0.10390469887491727,0.6598279285241562,,,,,,,,,cash,0.0,0,0,False,0.29600585343012953,1.1199086255428674,1.348988272099849,True,True
AAPL_long_qqq_regime_trend_5_200_entry_0.010_exit_-0.010_hold_20_cool_0_10bps,3.825350556033343,0.30016810125024485,0.25293664632560386,1.1331329651980295,1.3150895744995363,0.9996150007783303,-0.30028371024496925,3,0.5,0.7637326273990734,3.168762409000662,0.4592078008801997,1.0549690659223048,-0.1365534641619054,7.7256851182586965,0.09350121121854649,-0.02171681232607181,0.08487540402320226,AAPL,allocation_train,long_qqq_regime,0.008039496216814625,5,200,0.0,,False,0.01,-0.01,20,0,10.0,4.329226286257599,0.32188491357631666,1.0639760071469957,-0.3851591142681715,0.733086089911093,0.6926247395159315,0.04046135039516152,0.2578815331174614,3.2668464484835793,249.25,193.0,0.5003424657534247,0.10390469887491727,0.6598279285241562,,,,,,,,,cash,0.0,0,0,False,0.29600585343012953,1.1199086255428674,1.348988272099849,True,True
AAPL_long_qqq_regime_trend_5_200_entry_0.010_exit_-0.010_hold_20_cool_5_10bps,3.825350556033343,0.30016810125024485,0.25293664632560386,1.1331329651980295,1.3150895744995363,0.9996150007783303,-0.30028371024496925,3,0.5,0.7637326273990734,3.168762409000662,0.4592078008801997,1.0549690659223048,-0.1365534641619054,7.7256851182586965,0.09350121121854649,-0.02171681232607181,0.08487540402320226,AAPL,allocation_train,long_qqq_regime,0.008039496216814625,5,200,0.0,,False,0.01,-0.01,20,5,10.0,4.329226286257599,0.32188491357631666,1.0639760071469957,-0.3851591142681715,0.733086089911093,0.6926247395159315,0.04046135039516152,0.2578815331174614,3.2668464484835793,249.25,193.0,0.5003424657534247,0.10390469887491727,0.6598279285241562,,,,,,,,,cash,0.0,0,0,False,0.29600585343012953,1.1199086255428674,1.348988272099849,True,True
AAPL_long_qqq_regime_trend_5_200_entry_0.010_exit_-0.010_hold_10_cool_0_10bps,3.825350556033343,0.30016810125024485,0.25293664632560386,1.1331329651980295,1.3150895744995363,0.9996150007783303,-0.30028371024496925,3,0.5,0.7637326273990734,3.168762409000662,0.4592078008801997,1.0549690659223048,-0.1365534641619054,7.7256851182586965,0.09350121121854649,-0.02171681232607181,0.08487540402320226,AAPL,allocation_train,long_qqq_regime,0.008039496216814625,5,200,0.0,,False,0.01,-0.01,10,0,10.0,4.329226286257599,0.32188491357631666,1.0639760071469957,-0.3851591142681715,0.733086089911093,0.6926247395159315,0.04046135039516152,0.2578815331174614,3.2668464484835793,249.25,193.0,0.5003424657534247,0.10390469887491727,0.6598279285241562,,,,,,,,,cash,0.0,0,0,False,0.29600585343012953,1.1199086255428674,1.348988272099849,True,True
AAPL_long_spy_regime_trend_5_200_entry_0.010_exit_-0.010_hold_10_cool_5_10bps,3.8175088465553575,0.2998154692502708,0.24993212335064527,1.142556668267121,1.3237582576490483,0.940735921357903,-0.3187031157665404,3,0.5,0.7538054268696228,3.168762409000662,0.39674838153968756,0.875059033720641,-0.08156227064126587,10.728723303565202,0.09344593833537118,-0.02206944432604585,0.06645599850163109,AAPL,allocation_train,long_spy_regime,0.008039496216814625,5,200,0.0,,False,0.01,-0.01,10,5,10.0,4.329226286257599,0.32188491357631666,1.0639760071469957,-0.3851591142681715,0.712697065892235,0.6683573542486239,0.04433971164361117,0.2578815331174614,3.2668464484835793,249.25,193.0,0.5003424657534247,0.09397749834546658,0.6598279285241562,,,,,,,,,cash,0.0,0,0,False,0.2956500726252729,1.1291016609859117,1.348849640408181,True,True
AAPL_long_spy_regime_trend_5_200_entry_0.010_exit_-0.010_hold_20_cool_0_10bps,3.8175088465553575,0.2998154692502708,0.24993212335064527,1.142556668267121,1.3237582576490483,0.940735921357903,-0.3187031157665404,3,0.5,0.7538054268696228,3.168762409000662,0.39674838153968756,0.875059033720641,-0.08156227064126587,10.728723303565202,0.09344593833537118,-0.02206944432604585,0.06645599850163109,AAPL,allocation_train,long_spy_regime,0.008039496216814625,5,200,0.0,,False,0.01,-0.01,20,0,10.0,4.329226286257599,0.32188491357631666,1.0639760071469957,-0.3851591142681715,0.712697065892235,0.6683573542486239,0.04433971164361117,0.2578815331174614,3.2668464484835793,249.25,193.0,0.5003424657534247,0.09397749834546658,0.6598279285241562,,,,,,,,,cash,0.0,0,0,False,0.2956500726252729,1.1291016609859117,1.348849640408181,True,True
AAPL_long_spy_regime_trend_5_200_entry_0.010_exit_-0.010_hold_20_cool_5_10bps,3.8175088465553575,0.2998154692502708,0.24993212335064527,1.142556668267121,1.3237582576490483,0.940735921357903,-0.3187031157665404,3,0.5,0.7538054268696228,3.168762409000662,0.39674838153968756,0.875059033720641,-0.08156227064126587,10.728723303565202,0.09344593833537118,-0.02206944432604585,0.06645599850163109,AAPL,allocation_train,long_spy_regime,0.008039496216814625,5,200,0.0,,False,0.01,-0.01,20,5,10.0,4.329226286257599,0.32188491357631666,1.0639760071469957,-0.3851591142681715,0.712697065892235,0.6683573542486239,0.04433971164361117,0.2578815331174614,3.2668464484835793,249.25,193.0,0.5003424657534247,0.09397749834546658,0.6598279285241562,,,,,,,,,cash,0.0,0,0,False,0.2956500726252729,1.1291016609859117,1.348849640408181,True,True
AAPL_long_spy_regime_trend_5_200_entry_0.010_exit_-0.010_hold_10_cool_0_10bps,3.8175088465553575,0.2998154692502708,0.24993212335064527,1.142556668267121,1.3237582576490483,0.940735921357903,-0.3187031157665404,3,0.5,0.7538054268696228,3.168762409000662,0.39674838153968756,0.875059033720641,-0.08156227064126587,10.728723303565202,0.09344593833537118,-0.02206944432604585,0.06645599850163109,AAPL,allocation_train,long_spy_regime,0.008039496216814625,5,200,0.0,,False,0.01,-0.01,10,0,10.0,4.329226286257599,0.32188491357631666,1.0639760071469957,-0.3851591142681715,0.712697065892235,0.6683573542486239,0.04433971164361117,0.2578815331174614,3.2668464484835793,249.25,193.0,0.5003424657534247,0.09397749834546658,0.6598279285241562,,,,,,,,,cash,0.0,0,0,False,0.2956500726252729,1.1291016609859117,1.348849640408181,True,True
AAPL_hybrid_qqq_regime_trend_5_200_entry_0.010_exit_-0.010_hold_20_cool_10_10bps,3.8513565497594158,0.3013341512949339,0.25168656597897526,1.1411181346447776,1.3221153657878069,1.0034981619519336,-0.30028371024496947,3,0.5,0.7637326273990734,3.669093315684977,0.4554532578977611,1.0474599799574276,-0.1365534641619054,7.670695037919366,0.10824014874729926,-0.02055076228138275,0.08487540402320204,AAPL,allocation_train,hybrid_qqq_regime,0.008039496216814625,5,200,0.0,,False,0.01,-0.01,20,10,10.0,4.329226286257599,0.32188491357631666,1.0639760071469957,-0.3851591142681715,0.732020214856646,0.6909022918068474,0.041117923049798666,0.29998368605732706,3.322426865045363,166.66666666666666,110.0,0.5003424657534247,0.10489741892786235,0.6588352084712111,,,,,,,,,cash,0.0,0,0,False,0.29654766174740055,1.1262128979403105,1.3381262553239135,True,True
AAPL_hybrid_qqq_regime_trend_5_200_entry_0.010_exit_-0.010_hold_10_cool_10_10bps,3.8513565497594158,0.3013341512949339,0.25168656597897526,1.1411181346447776,1.3221153657878069,1.0034981619519336,-0.30028371024496947,3,0.5,0.7637326273990734,3.669093315684977,0.4554532578977611,1.0474599799574276,-0.1365534641619054,7.670695037919366,0.10824014874729926,-0.02055076228138275,0.08487540402320204,AAPL,allocation_train,hybrid_qqq_regime,0.008039496216814625,5,200,0.0,,False,0.01,-0.01,10,10,10.0,4.329226286257599,0.32188491357631666,1.0639760071469957,-0.3851591142681715,0.732020214856646,0.6909022918068474,0.041117923049798666,0.29998368605732706,3.322426865045363,166.66666666666666,110.0,0.5003424657534247,0.10489741892786235,0.6588352084712111,,,,,,,,,cash,0.0,0,0,False,0.29654766174740055,1.1262128979403105,1.3381262553239135,True,True
AAPL_hybrid_qqq_regime_trend_5_200_entry_0.010_exit_-0.010_hold_0_cool_10_10bps,3.8513565497594158,0.3013341512949339,0.25168656597897526,1.1411181346447776,1.3221153657878069,1.0034981619519336,-0.30028371024496947,3,0.5,0.7637326273990734,3.669093315684977,0.4554532578977611,1.0474599799574276,-0.1365534641619054,7.670695037919366,0.10824014874729926,-0.02055076228138275,0.08487540402320204,AAPL,allocation_train,hybrid_qqq_regime,0.008039496216814625,5,200,0.0,,False,0.01,-0.01,0,10,10.0,4.329226286257599,0.32188491357631666,1.0639760071469957,-0.3851591142681715,0.732020214856646,0.6909022918068474,0.041117923049798666,0.29998368605732706,3.322426865045363,166.66666666666666,110.0,0.5003424657534247,0.10489741892786235,0.6588352084712111,,,,,,,,,cash,0.0,0,0,False,0.29654766174740055,1.1262128979403105,1.3381262553239135,True,True
AAPL_hybrid_spy_regime_trend_5_200_entry_0.010_exit_-0.010_hold_20_cool_10_10bps,3.6538733024903767,0.29234557611653234,0.24597004725595892,1.1336104410984182,1.3024461683744817,0.9172975150035377,-0.3187031157665404,4,0.6666666666666666,0.7498345466578424,3.3355393778954334,0.376741086736087,0.6058927654247634,-0.08156227064126587,14.857182387421574,0.09458838037126771,-0.02953933745978432,0.06645599850163109,AAPL,allocation_train,hybrid_spy_regime,0.008039496216814625,5,200,0.0,,False,0.01,-0.01,20,10,10.0,4.329226286257599,0.32188491357631666,1.0639760071469957,-0.3851591142681715,0.7017378589611819,0.6596293489251733,0.04210851003600857,0.3017463690272497,3.329990018909065,166.83333333333334,111.0,0.667123287671233,0.09066843150231635,0.6591661151555261,,,,,,,,,cash,0.0,0,0,False,0.28801032989627995,1.1195354434769216,1.3257624413499487,True,True
AAPL_hybrid_spy_regime_trend_5_200_entry_0.010_exit_-0.010_hold_10_cool_10_10bps,3.6538733024903767,0.29234557611653234,0.24597004725595892,1.1336104410984182,1.3024461683744817,0.9172975150035377,-0.3187031157665404,4,0.6666666666666666,0.7498345466578424,3.3355393778954334,0.376741086736087,0.6058927654247634,-0.08156227064126587,14.857182387421574,0.09458838037126771,-0.02953933745978432,0.06645599850163109,AAPL,allocation_train,hybrid_spy_regime,0.008039496216814625,5,200,0.0,,False,0.01,-0.01,10,10,10.0,4.329226286257599,0.32188491357631666,1.0639760071469957,-0.3851591142681715,0.7017378589611819,0.6596293489251733,0.04210851003600857,0.3017463690272497,3.329990018909065,166.83333333333334,111.0,0.667123287671233,0.09066843150231635,0.6591661151555261,,,,,,,,,cash,0.0,0,0,False,0.28801032989627995,1.1195354434769216,1.3257624413499487,True,True
AAPL_hybrid_spy_regime_trend_5_200_entry_0.010_exit_-0.010_hold_0_cool_10_10bps,3.6538733024903767,0.29234557611653234,0.24597004725595892,1.1336104410984182,1.3024461683744817,0.9172975150035377,-0.3187031157665404,4,0.6666666666666666,0.7498345466578424,3.3355393778954334,0.376741086736087,0.6058927654247634,-0.08156227064126587,14.857182387421574,0.09458838037126771,-0.02953933745978432,0.06645599850163109,AAPL,allocation_train,hybrid_spy_regime,0.008039496216814625,5,200,0.0,,False,0.01,-0.01,0,10,10.0,4.329226286257599,0.32188491357631666,1.0639760071469957,-0.3851591142681715,0.7017378589611819,0.6596293489251733,0.04210851003600857,0.3017463690272497,3.329990018909065,166.83333333333334,111.0,0.667123287671233,0.09066843150231635,0.6591661151555261,,,,,,,,,cash,0.0,0,0,False,0.28801032989627995,1.1195354434769216,1.3257624413499487,True,True
AAPL_long_spy_regime_trend_5_200_entry_0.010_exit_-0.010_hold_20_cool_10_10bps,3.6033600418621745,0.2899954666592717,0.24597648121859872,1.1261795466279392,1.294555370426119,0.9099235379666073,-0.3187031157665404,4,0.6666666666666666,0.7498345466578424,3.168762409000662,0.3732804030319075,0.6007017398684942,-0.08156227064126587,14.729892513918642,0.08873182474192998,-0.03188944691704498,0.06645599850163109,AAPL,allocation_train,long_spy_regime,0.008039496216814625,5,200,0.0,,False,0.01,-0.01,20,10,10.0,4.329226286257599,0.32188491357631666,1.0639760071469957,-0.3851591142681715,0.7002983165445,0.6591389036808674,0.04115941286363267,0.30882935998753225,3.3454175408884366,247.75,190.0,0.667123287671233,0.09397749834546658,0.6558570483123759,,,,,,,,,cash,0.0,0,0,False,0.2858876773220127,1.11286267509786,1.3226525161779998,True,True
AAPL_long_spy_regime_trend_5_200_entry_0.010_exit_-0.010_hold_10_cool_10_10bps,3.6033600418621745,0.2899954666592717,0.24597648121859872,1.1261795466279392,1.294555370426119,0.9099235379666073,-0.3187031157665404,4,0.6666666666666666,0.7498345466578424,3.168762409000662,0.3732804030319075,0.6007017398684942,-0.08156227064126587,14.729892513918642,0.08873182474192998,-0.03188944691704498,0.06645599850163109,AAPL,allocation_train,long_spy_regime,0.008039496216814625,5,200,0.0,,False,0.01,-0.01,10,10,10.0,4.329226286257599,0.32188491357631666,1.0639760071469957,-0.3851591142681715,0.7002983165445,0.6591389036808674,0.04115941286363267,0.30882935998753225,3.3454175408884366,247.75,190.0,0.667123287671233,0.09397749834546658,0.6558570483123759,,,,,,,,,cash,0.0,0,0,False,0.2858876773220127,1.11286267509786,1.3226525161779998,True,True
AAPL_long_spy_regime_trend_5_200_entry_0.010_exit_-0.010_hold_0_cool_10_10bps,3.6033600418621745,0.2899954666592717,0.24597648121859872,1.1261795466279392,1.294555370426119,0.9099235379666073,-0.3187031157665404,4,0.6666666666666666,0.7498345466578424,3.168762409000662,0.3732804030319075,0.6007017398684942,-0.08156227064126587,14.729892513918642,0.08873182474192998,-0.03188944691704498,0.06645599850163109,AAPL,allocation_train,long_spy_regime,0.008039496216814625,5,200,0.0,,False,0.01,-0.01,0,10,10.0,4.329226286257599,0.32188491357631666,1.0639760071469957,-0.3851591142681715,0.7002983165445,0.6591389036808674,0.04115941286363267,0.30882935998753225,3.3454175408884366,247.75,190.0,0.667123287671233,0.09397749834546658,0.6558570483123759,,,,,,,,,cash,0.0,0,0,False,0.2858876773220127,1.11286267509786,1.3226525161779998,True,True
AAPL_long_spy_regime_trend_50_200_entry_0.020_exit_-0.010_hold_0_cool_0_10bps,3.283173767094736,0.2745779520983531,0.2540666661994556,1.0507387415385463,1.2248392540332735,0.7513798376053232,-0.3654316210738948,3,0.5,0.7597617471872932,1.5009927200529452,0.2623310480343592,0.6062243667099843,-0.08156227064126587,7.43265681477079,0.038873143188717485,-0.04730696147796354,0.01972749319427669,AAPL,allocation_train,long_spy_regime,0.008039496216814625,50,200,0.0,,False,0.02,-0.01,0,0,10.0,4.329226286257599,0.32188491357631666,1.0639760071469957,-0.3851591142681715,0.714282358997919,0.6833284195044366,0.030953939493482463,0.2437502147566034,3.0182920870814236,493.5,493.5,0.5003424657534247,0.10655195234943746,0.6532097948378557,,,,,,,,,cash,0.0,0,0,False,0.2726560247530794,1.0446837401829816,1.2751407314319199,True,True
AAPL_long_qqq_regime_trend_50_200_entry_0.020_exit_-0.010_hold_0_cool_0_10bps,3.2331294093868337,0.27208205920478523,0.25777794759131106,1.0317181478882638,1.2059985905493282,0.7310871947721687,-0.37216088744322096,3,0.5,0.7729980145598941,1.5009927200529452,0.28467845878796677,0.7059103817378389,-0.1365534641619054,5.169479852234816,0.03848154202141796,-0.049802854371531424,0.012998226824950554,AAPL,allocation_train,long_qqq_regime,0.008039496216814625,50,200,0.0,,False,0.02,-0.01,0,0,10.0,4.329226286257599,0.32188491357631666,1.0639760071469957,-0.3851591142681715,0.7366390008183754,0.7114459995082326,0.025193001310142793,0.2437502147566034,3.0182920870814236,493.5,493.5,0.5003424657534247,0.11978821972203839,0.6532097948378557,,,,,,,,,cash,0.0,0,0,False,0.2701607850737102,1.025718411933391,1.2502596117034064,True,True
AAPL_hybrid_spy_regime_trend_50_200_entry_0.020_exit_-0.010_hold_0_cool_0_10bps,3.065704268294205,0.2635492287433219,0.2546557340096146,1.0147482758525308,1.182791171647658,0.6737910354649963,-0.3911438634107701,3,0.5,0.7597617471872932,1.5009927200529452,0.25374839897294815,0.5890590685871622,-0.08156227064126587,7.2222004605292565,0.036882359711293056,-0.05833568483299478,-0.005984749142598611,AAPL,allocation_train,hybrid_spy_regime,0.008039496216814625,50,200,0.0,,False,0.02,-0.01,0,0,10.0,4.329226286257599,0.32188491357631666,1.0639760071469957,-0.3851591142681715,0.7161822613475511,0.6916425326939305,0.02453972865362064,0.3150911138312325,2.915542426052531,504.5,504.5,0.5003424657534247,0.09927200529450694,0.6604897418927862,,,,,,,,,cash,0.0,0,0,False,0.26164566487397223,1.008730746440557,1.2152654212224356,True,True
AAPL_hybrid_qqq_regime_trend_50_200_entry_0.020_exit_-0.010_hold_0_cool_0_10bps,3.0391906266684643,0.2621712107472485,0.2582320951654442,1.000051476906111,1.1692292566342726,0.6648305341617409,-0.39434291488703965,3,0.5,0.7729980145598941,1.5009927200529452,0.27540877054118124,0.6873710052442679,-0.1365534641619054,5.033713421061823,0.03669919711691971,-0.05971370282906818,-0.009183800618868143,AAPL,allocation_train,hybrid_qqq_regime,0.008039496216814625,50,200,0.0,,False,0.02,-0.01,0,0,10.0,4.329226286257599,0.32188491357631666,1.0639760071469957,-0.3851591142681715,0.7376341135827489,0.7180642197563509,0.019569893826397955,0.3150911138312325,2.915542426052531,504.5,504.5,0.5003424657534247,0.11250827266710788,0.6604897418927862,,,,,,,,,cash,0.0,0,0,False,0.2602667589780727,0.9940867401786837,1.1975910785418076,True,True
AAPL_long_qqq_regime_trend_5_50_entry_0.020_exit_-0.005_hold_20_cool_5_10bps,3.7271398456864313,0.29571678286682146,0.24897399301231415,1.1335022099942345,1.4003946519299522,0.9792146425231784,-0.3019938326339128,5,0.5,0.8656518861681006,7.838517538054269,0.16656694355273516,0.44375346632704904,-0.11061957922157872,4.011527339461127,0.22933692277257656,-0.026168130709495196,0.08316528163425874,AAPL,allocation_train,long_qqq_regime,0.008039496216814625,5,50,0.0,,False,0.02,-0.005,20,5,10.0,4.329226286257599,0.32188491357631666,1.0639760071469957,-0.3851591142681715,0.7727943953216929,0.7441546170105469,0.028639778311146058,0.3441780934693309,4.018699675449248,75.46153846153847,66.0,0.8339041095890412,0.21641297154202516,0.6492389146260754,,,,,,,,,cash,0.0,0,0,False,0.28550081628615076,1.1005472195201027,1.1572609321560146,True,False
AAPL_long_qqq_regime_trend_5_50_entry_0.020_exit_-0.005_hold_20_cool_0_10bps,3.7271398456864313,0.29571678286682146,0.24897399301231415,1.1335022099942345,1.4003946519299522,0.9792146425231784,-0.3019938326339128,5,0.5,0.8656518861681006,7.838517538054269,0.16656694355273516,0.44375346632704904,-0.11061957922157872,4.011527339461127,0.22933692277257656,-0.026168130709495196,0.08316528163425874,AAPL,allocation_train,long_qqq_regime,0.008039496216814625,5,50,0.0,,False,0.02,-0.005,20,0,10.0,4.329226286257599,0.32188491357631666,1.0639760071469957,-0.3851591142681715,0.7727943953216929,0.7441546170105469,0.028639778311146058,0.3441780934693309,4.018699675449248,75.46153846153847,66.0,0.8339041095890412,0.21641297154202516,0.6492389146260754,,,,,,,,,cash,0.0,0,0,False,0.28550081628615076,1.1005472195201027,1.1572609321560146,True,False
AAPL_long_qqq_regime_trend_5_50_entry_0.020_exit_-0.005_hold_20_cool_10_10bps,3.7271398456864313,0.29571678286682146,0.24897399301231415,1.1335022099942345,1.4003946519299522,0.9792146425231784,-0.3019938326339128,5,0.5,0.8656518861681006,7.838517538054269,0.16656694355273516,0.44375346632704904,-0.11061957922157872,4.011527339461127,0.22933692277257656,-0.026168130709495196,0.08316528163425874,AAPL,allocation_train,long_qqq_regime,0.008039496216814625,5,50,0.0,,False,0.02,-0.005,20,10,10.0,4.329226286257599,0.32188491357631666,1.0639760071469957,-0.3851591142681715,0.7727943953216929,0.7441546170105469,0.028639778311146058,0.3441780934693309,4.018699675449248,75.46153846153847,66.0,0.8339041095890412,0.21641297154202516,0.6492389146260754,,,,,,,,,cash,0.0,0,0,False,0.28550081628615076,1.1005472195201027,1.1572609321560146,True,False
AAPL_hybrid_qqq_regime_trend_5_50_entry_0.020_exit_-0.005_hold_20_cool_5_10bps,3.8772898370862965,0.30249176646410825,0.24966415881572948,1.1519489712281852,1.4292854012937486,1.0016488211890044,-0.3019938326339128,5,0.5,0.8656518861681006,9.172733289212442,0.19278079374169477,0.49618116670496826,-0.11061957922157872,4.4854732787500735,0.2765783197867995,-0.01939314711220841,0.08316528163425874,AAPL,allocation_train,hybrid_qqq_regime,0.008039496216814625,5,50,0.0,,False,0.02,-0.005,20,5,10.0,4.329226286257599,0.32188491357631666,1.0639760071469957,-0.3851591142681715,0.7819394117134467,0.7517171828192469,0.030222228894199787,0.25382242592156323,3.873637768211527,61.411764705882355,57.0,0.8339041095890412,0.19556585043017868,0.6700860357379219,,,,,,,,,cash,0.0,0,0,False,0.2905484312689768,1.114380258686074,1.129114046940925,True,False
AAPL_hybrid_qqq_regime_trend_5_50_entry_0.020_exit_-0.005_hold_20_cool_0_10bps,3.8772898370862965,0.30249176646410825,0.24966415881572948,1.1519489712281852,1.4292854012937486,1.0016488211890044,-0.3019938326339128,5,0.5,0.8656518861681006,9.172733289212442,0.19278079374169477,0.49618116670496826,-0.11061957922157872,4.4854732787500735,0.2765783197867995,-0.01939314711220841,0.08316528163425874,AAPL,allocation_train,hybrid_qqq_regime,0.008039496216814625,5,50,0.0,,False,0.02,-0.005,20,0,10.0,4.329226286257599,0.32188491357631666,1.0639760071469957,-0.3851591142681715,0.7819394117134467,0.7517171828192469,0.030222228894199787,0.25382242592156323,3.873637768211527,61.411764705882355,57.0,0.8339041095890412,0.19556585043017868,0.6700860357379219,,,,,,,,,cash,0.0,0,0,False,0.2905484312689768,1.114380258686074,1.129114046940925,True,False
AAPL_hybrid_qqq_regime_trend_5_50_entry_0.020_exit_-0.005_hold_20_cool_10_10bps,3.8772898370862965,0.30249176646410825,0.24966415881572948,1.1519489712281852,1.4292854012937486,1.0016488211890044,-0.3019938326339128,5,0.5,0.8656518861681006,9.172733289212442,0.19278079374169477,0.49618116670496826,-0.11061957922157872,4.4854732787500735,0.2765783197867995,-0.01939314711220841,0.08316528163425874,AAPL,allocation_train,hybrid_qqq_regime,0.008039496216814625,5,50,0.0,,False,0.02,-0.005,20,10,10.0,4.329226286257599,0.32188491357631666,1.0639760071469957,-0.3851591142681715,0.7819394117134467,0.7517171828192469,0.030222228894199787,0.25382242592156323,3.873637768211527,61.411764705882355,57.0,0.8339041095890412,0.19556585043017868,0.6700860357379219,,,,,,,,,cash,0.0,0,0,False,0.2905484312689768,1.114380258686074,1.129114046940925,True,False
AAPL_long_qqq_regime_trend_5_50_entry_0.000_exit_-0.005_hold_20_cool_10_10bps,3.667257834541404,0.29296472294159903,0.25401087877856826,1.1076725888802332,1.3788148304398742,0.9326766956443593,-0.3141117648910464,6,0.4,0.8821972203838517,8.172071475843811,0.1545691793314089,0.5313171471077229,-0.09659613251946712,3.6669318135875058,0.23496077239668978,-0.028920190634717624,0.07104734937712509,AAPL,allocation_train,long_qqq_regime,0.008039496216814625,5,50,0.0,,False,0.0,-0.005,20,10,10.0,4.329226286257599,0.32188491357631666,1.0639760071469957,-0.3851591142681715,0.8028863095676155,0.7816600878682004,0.021226221699415126,0.24906846130378812,3.6771997842131876,75.14285714285714,68.0,1.0006849315068493,0.18596955658504302,0.6962276637988087,,,,,,,,,cash,0.0,0,0,False,0.2823977232375894,1.0748299943446977,1.1092781274766423,True,False
AAPL_long_qqq_regime_trend_5_50_entry_0.000_exit_-0.005_hold_20_cool_5_10bps,3.77633900434072,0.2979562266659461,0.2540781463953376,1.122558082123003,1.406993910539212,0.9485675481441962,-0.3141117648910464,6,0.4,0.8821972203838517,8.8391793514229,0.1545691793314089,0.5313171471077229,-0.09659613251946712,3.6669318135875058,0.2600769482373302,-0.023928686910370534,0.07104734937712509,AAPL,allocation_train,long_qqq_regime,0.008039496216814625,5,50,0.0,,False,0.0,-0.005,20,5,10.0,4.329226286257599,0.32188491357631666,1.0639760071469957,-0.3851591142681715,0.8037670282412858,0.7800395579824149,0.023727470258870897,0.22462265237948198,3.6932434209831855,70.13333333333334,66.0,1.0006849315068493,0.18596955658504302,0.6962276637988087,,,,,,,,,cash,0.0,0,0,False,0.28650882026558344,1.0873202517049125,1.1024708094205957,True,False
AAPL_long_qqq_regime_trend_5_50_entry_0.000_exit_-0.005_hold_20_cool_0_10bps,3.77633900434072,0.2979562266659461,0.2540781463953376,1.122558082123003,1.406993910539212,0.9485675481441962,-0.3141117648910464,6,0.4,0.8821972203838517,8.8391793514229,0.1545691793314089,0.5313171471077229,-0.09659613251946712,3.6669318135875058,0.2600769482373302,-0.023928686910370534,0.07104734937712509,AAPL,allocation_train,long_qqq_regime,0.008039496216814625,5,50,0.0,,False,0.0,-0.005,20,0,10.0,4.329226286257599,0.32188491357631666,1.0639760071469957,-0.3851591142681715,0.8037670282412858,0.7800395579824149,0.023727470258870897,0.22462265237948198,3.6932434209831855,70.13333333333334,66.0,1.0006849315068493,0.18596955658504302,0.6962276637988087,,,,,,,,,cash,0.0,0,0,False,0.28650882026558344,1.0873202517049125,1.1024708094205957,True,False
AAPL_hybrid_qqq_regime_trend_5_50_entry_0.000_exit_-0.005_hold_20_cool_10_10bps,3.7606678362252026,0.29724500201076687,0.25413759459650787,1.1202458400653001,1.3969830750364496,0.9463033074035606,-0.3141117648910464,6,0.4,0.8821972203838517,9.172733289212442,0.15895587642349052,0.542283889837927,-0.09659613251946712,3.7426197488023303,0.2690537274889344,-0.024639911565549788,0.07104734937712509,AAPL,allocation_train,hybrid_qqq_regime,0.008039496216814625,5,50,0.0,,False,0.0,-0.005,20,10,10.0,4.329226286257599,0.32188491357631666,1.0639760071469957,-0.3851591142681715,0.8050257278983762,0.7820645720007349,0.02296115589764136,0.21781843820114827,3.6397714890406694,62.64705882352941,57.0,1.0006849315068493,0.1816677696889477,0.700529450694904,,,,,,,,,cash,0.0,0,0,False,0.28538785391437393,1.0838765478196875,1.0861051851961319,True,False
AAPL_long_qqq_regime_trend_5_50_entry_0.005_exit_-0.005_hold_20_cool_0_10bps,3.70828032384345,0.29485318525701976,0.25389358095957926,1.1137513715623089,1.3946199850178884,0.9088225333066062,-0.32443428111783645,6,0.4,0.8815354070152217,8.8391793514229,0.1393994396003164,0.4998556115596591,-0.10090467503924538,3.30249390569365,0.2563915801984331,-0.0270317283192969,0.060724833150335056,AAPL,allocation_train,long_qqq_regime,0.008039496216814625,5,50,0.0,,False,0.005,-0.005,20,0,10.0,4.329226286257599,0.32188491357631666,1.0639760071469957,-0.3851591142681715,0.7989199256884295,0.7758065629404713,0.023113362747958166,0.2788033012415515,3.7509511024586293,68.73333333333333,62.0,1.0006849315068493,0.19920582395764394,0.6823295830575777,,,,,,,,,cash,0.0,0,0,False,0.2834322504103812,1.078494555248105,1.0853997993375801,True,False
AAPL_long_qqq_regime_trend_5_50_entry_0.005_exit_-0.005_hold_20_cool_5_10bps,3.70828032384345,0.29485318525701976,0.25389358095957926,1.1137513715623089,1.3946199850178884,0.9088225333066062,-0.32443428111783645,6,0.4,0.8815354070152217,8.8391793514229,0.1393994396003164,0.4998556115596591,-0.10090467503924538,3.30249390569365,0.2563915801984331,-0.0270317283192969,0.060724833150335056,AAPL,allocation_train,long_qqq_regime,0.008039496216814625,5,50,0.0,,False,0.005,-0.005,20,5,10.0,4.329226286257599,0.32188491357631666,1.0639760071469957,-0.3851591142681715,0.7989199256884295,0.7758065629404713,0.023113362747958166,0.2788033012415515,3.7509511024586293,68.73333333333333,62.0,1.0006849315068493,0.19920582395764394,0.6823295830575777,,,,,,,,,cash,0.0,0,0,False,0.2834322504103812,1.078494555248105,1.0853997993375801,True,False
AAPL_hybrid_qqq_regime_trend_5_50_entry_0.000_exit_-0.005_hold_20_cool_5_10bps,3.8202048493196967,0.2999367590816673,0.25386250068768396,1.129302884983136,1.4159145054653293,0.9548727319580153,-0.3141117648910464,6,0.4,0.8821972203838517,9.506287227001986,0.15895587642349052,0.542283889837927,-0.09659613251946712,3.7426197488023303,0.2825827282917981,-0.021948154494649375,0.07104734937712509,AAPL,allocation_train,hybrid_qqq_regime,0.008039496216814625,5,50,0.0,,False,0.0,-0.005,20,5,10.0,4.329226286257599,0.32188491357631666,1.0639760071469957,-0.3851591142681715,0.8045421764070806,0.7800774004567121,0.024464775950368445,0.22465496877874508,3.6562931224174275,62.529411764705884,46.0,1.0006849315068493,0.18232958305757777,0.699867637326274,,,,,,,,,cash,0.0,0,0,False,0.28762504542514056,1.0915583750345894,1.0845118296732863,True,False
AAPL_hybrid_qqq_regime_trend_5_50_entry_0.000_exit_-0.005_hold_20_cool_0_10bps,3.8202048493196967,0.2999367590816673,0.25386250068768396,1.129302884983136,1.4159145054653293,0.9548727319580153,-0.3141117648910464,6,0.4,0.8821972203838517,9.506287227001986,0.15895587642349052,0.542283889837927,-0.09659613251946712,3.7426197488023303,0.2825827282917981,-0.021948154494649375,0.07104734937712509,AAPL,allocation_train,hybrid_qqq_regime,0.008039496216814625,5,50,0.0,,False,0.0,-0.005,20,0,10.0,4.329226286257599,0.32188491357631666,1.0639760071469957,-0.3851591142681715,0.8045421764070806,0.7800774004567121,0.024464775950368445,0.22465496877874508,3.6562931224174275,62.529411764705884,46.0,1.0006849315068493,0.18232958305757777,0.699867637326274,,,,,,,,,cash,0.0,0,0,False,0.28762504542514056,1.0915583750345894,1.0845118296732863,True,False
AAPL_hybrid_qqq_regime_trend_5_50_entry_0.005_exit_-0.005_hold_20_cool_0_10bps,3.7497122736943727,0.29674663225977627,0.25368000340479063,1.1202340182889752,1.404490964147827,0.9146586829151884,-0.32443428111783645,6,0.4,0.8815354070152217,9.83984116479153,0.14609500802522987,0.5165945326219428,-0.10090467503924538,3.413086211786989,0.28859536839954725,-0.02513828131654039,0.060724833150335056,AAPL,allocation_train,hybrid_qqq_regime,0.008039496216814625,5,50,0.0,,False,0.005,-0.005,20,0,10.0,4.329226286257599,0.32188491357631666,1.0639760071469957,-0.3851591142681715,0.8015463158692065,0.7781589833928666,0.02338733247633995,0.2597833592476328,3.6873428364957865,58.888888888888886,42.0,1.0006849315068493,0.18960953011250828,0.6919258769027135,,,,,,,,,cash,0.0,0,0,False,0.28403466325332505,1.0811276857758354,1.0537494205322577,True,False
AAPL_hybrid_qqq_regime_trend_5_50_entry_0.005_exit_-0.005_hold_20_cool_5_10bps,3.7497122736943727,0.29674663225977627,0.25368000340479063,1.1202340182889752,1.404490964147827,0.9146586829151884,-0.32443428111783645,6,0.4,0.8815354070152217,9.83984116479153,0.14609500802522987,0.5165945326219428,-0.10090467503924538,3.413086211786989,0.28859536839954725,-0.02513828131654039,0.060724833150335056,AAPL,allocation_train,hybrid_qqq_regime,0.008039496216814625,5,50,0.0,,False,0.005,-0.005,20,5,10.0,4.329226286257599,0.32188491357631666,1.0639760071469957,-0.3851591142681715,0.8015463158692065,0.7781589833928666,0.02338733247633995,0.2597833592476328,3.6873428364957865,58.888888888888886,42.0,1.0006849315068493,0.18960953011250828,0.6919258769027135,,,,,,,,,cash,0.0,0,0,False,0.28403466325332505,1.0811276857758354,1.0537494205322577,True,False
AAPL_long_spy_regime_trend_5_50_entry_0.000_exit_-0.005_hold_20_cool_5_10bps,3.363963661264947,0.27855642814099,0.24214441783662788,1.1034232304107572,1.3503974601234505,0.7793314446454406,-0.35742998701626905,6,0.6,0.870946393117141,8.8391793514229,0.23983973683986798,0.4628433879389507,-0.09466573980875609,7.3338578804853976,0.2375374529689669,-0.043328485435326636,0.027729127251902463,AAPL,allocation_train,long_spy_regime,0.008039496216814625,5,50,0.0,,False,0.0,-0.005,20,5,10.0,4.329226286257599,0.32188491357631666,1.0639760071469957,-0.3851591142681715,0.7447960045800355,0.7203511815338295,0.024444823046205988,0.22462265237948198,3.6932434209831855,70.13333333333334,66.0,1.0006849315068493,0.17471872931833224,0.6962276637988087,,,,,,,,,cash,0.0,0,0,False,0.2672840535488661,1.0664908030105456,1.0422770481207824,True,False
AAPL_long_spy_regime_trend_5_50_entry_0.000_exit_-0.005_hold_20_cool_0_10bps,3.363963661264947,0.27855642814099,0.24214441783662788,1.1034232304107572,1.3503974601234505,0.7793314446454406,-0.35742998701626905,6,0.6,0.870946393117141,8.8391793514229,0.23983973683986798,0.4628433879389507,-0.09466573980875609,7.3338578804853976,0.2375374529689669,-0.043328485435326636,0.027729127251902463,AAPL,allocation_train,long_spy_regime,0.008039496216814625,5,50,0.0,,False,0.0,-0.005,20,0,10.0,4.329226286257599,0.32188491357631666,1.0639760071469957,-0.3851591142681715,0.7447960045800355,0.7203511815338295,0.024444823046205988,0.22462265237948198,3.6932434209831855,70.13333333333334,66.0,1.0006849315068493,0.17471872931833224,0.6962276637988087,,,,,,,,,cash,0.0,0,0,False,0.2672840535488661,1.0664908030105456,1.0422770481207824,True,False
AAPL_long_spy_regime_trend_5_50_entry_0.000_exit_-0.005_hold_20_cool_10_10bps,3.143656379647135,0.2675577838135903,0.24232238186355978,1.0671625588763654,1.298589702403596,0.7485599796678837,-0.35742998701626905,6,0.6,0.870946393117141,8.172071475843811,0.23983973683986798,0.4628433879389507,-0.09466573980875609,7.3338578804853976,0.2084587164019256,-0.054327129762726356,0.027729127251902463,AAPL,allocation_train,long_spy_regime,0.008039496216814625,5,50,0.0,,False,0.0,-0.005,20,10,10.0,4.329226286257599,0.32188491357631666,1.0639760071469957,-0.3851591142681715,0.7440821787792822,0.7254911400818371,0.01859103869744505,0.24906846130378812,3.6771997842131876,75.14285714285714,68.0,1.0006849315068493,0.17471872931833224,0.6962276637988087,,,,,,,,,cash,0.0,0,0,False,0.2572053354812813,1.0328294195811059,1.0217020472821545,True,False
AAPL_long_spy_regime_trend_5_50_entry_0.020_exit_-0.005_hold_20_cool_5_10bps,2.998133976057252,0.26002238989337734,0.23686874356482834,1.0609848804747526,1.276397368873748,0.7274778259764255,-0.35742998701626894,5,0.75,0.8530774321641297,7.838517538054269,0.24919402241672456,0.37227615458252156,-0.12005237408066649,9.302843632206198,0.19360537935179511,-0.06186252368293932,0.027729127251902574,AAPL,allocation_train,long_spy_regime,0.008039496216814625,5,50,0.0,,False,0.02,-0.005,20,5,10.0,4.329226286257599,0.32188491357631666,1.0639760071469957,-0.3851591142681715,0.7104848185876281,0.688661859851824,0.021822958735804088,0.3441780934693309,4.018699675449248,75.46153846153847,66.0,0.8339041095890412,0.20383851753805426,0.6492389146260754,,,,,,,,,cash,0.0,0,0,False,0.25010603518313346,1.0266473304221277,1.0213311324719105,True,False
AAPL_long_spy_regime_trend_5_50_entry_0.020_exit_-0.005_hold_20_cool_0_10bps,2.998133976057252,0.26002238989337734,0.23686874356482834,1.0609848804747526,1.276397368873748,0.7274778259764255,-0.35742998701626894,5,0.75,0.8530774321641297,7.838517538054269,0.24919402241672456,0.37227615458252156,-0.12005237408066649,9.302843632206198,0.19360537935179511,-0.06186252368293932,0.027729127251902574,AAPL,allocation_train,long_spy_regime,0.008039496216814625,5,50,0.0,,False,0.02,-0.005,20,0,10.0,4.329226286257599,0.32188491357631666,1.0639760071469957,-0.3851591142681715,0.7104848185876281,0.688661859851824,0.021822958735804088,0.3441780934693309,4.018699675449248,75.46153846153847,66.0,0.8339041095890412,0.20383851753805426,0.6492389146260754,,,,,,,,,cash,0.0,0,0,False,0.25010603518313346,1.0266473304221277,1.0213311324719105,True,False
AAPL_long_spy_regime_trend_5_50_entry_0.020_exit_-0.005_hold_20_cool_10_10bps,2.998133976057252,0.26002238989337734,0.23686874356482834,1.0609848804747526,1.276397368873748,0.7274778259764255,-0.35742998701626894,5,0.75,0.8530774321641297,7.838517538054269,0.24919402241672456,0.37227615458252156,-0.12005237408066649,9.302843632206198,0.19360537935179511,-0.06186252368293932,0.027729127251902574,AAPL,allocation_train,long_spy_regime,0.008039496216814625,5,50,0.0,,False,0.02,-0.005,20,10,10.0,4.329226286257599,0.32188491357631666,1.0639760071469957,-0.3851591142681715,0.7104848185876281,0.688661859851824,0.021822958735804088,0.3441780934693309,4.018699675449248,75.46153846153847,66.0,0.8339041095890412,0.20383851753805426,0.6492389146260754,,,,,,,,,cash,0.0,0,0,False,0.25010603518313346,1.0266473304221277,1.0213311324719105,True,False
AAPL_long_qqq_regime_trend_5_50_entry_0.000_exit_0.000_hold_20_cool_0_10bps,3.558866879377666,0.28790757365429,0.25388728572908714,1.0925694267659356,1.3681292967424605,0.905173475740618,-0.3180689463074715,7,0.16666666666666666,0.8775645268034414,9.83984116479153,0.12403695280231115,1.0464933533857042,-0.06045432731436744,3.4620957667557963,0.2772478171410695,-0.03397733992202667,0.0670901679607,AAPL,allocation_train,long_qqq_regime,0.008039496216814625,5,50,0.0,,False,0.0,0.0,20,0,10.0,4.329226286257599,0.32188491357631666,1.0639760071469957,-0.3851591142681715,0.7992599081702153,0.7799941122722586,0.01926579589795674,0.23769267909614178,3.7264067593182006,61.23529411764706,38.0,1.1674657534246575,0.1886168100595632,0.6889477167438782,,,,,,,,,cash,0.0,0,0,False,0.27526620103246024,1.0532977047817949,1.0204284378089143,True,False
AAPL_hybrid_qqq_regime_trend_5_50_entry_0.000_exit_0.000_hold_20_cool_0_10bps,3.558866879377666,0.28790757365429,0.25388728572908714,1.0925694267659356,1.3681292967424605,0.905173475740618,-0.3180689463074715,7,0.16666666666666666,0.8775645268034414,9.83984116479153,0.12403695280231115,1.0464933533857042,-0.06045432731436744,3.4620957667557963,0.2772478171410695,-0.03397733992202667,0.0670901679607,AAPL,allocation_train,hybrid_qqq_regime,0.008039496216814625,5,50,0.0,,False,0.0,0.0,20,0,10.0,4.329226286257599,0.32188491357631666,1.0639760071469957,-0.3851591142681715,0.7992599081702153,0.7799941122722586,0.01926579589795674,0.23769267909614178,3.7264067593182006,61.23529411764706,38.0,1.1674657534246575,0.1886168100595632,0.6889477167438782,,,,,,,,,cash,0.0,0,0,False,0.27526620103246024,1.0532977047817949,1.0204284378089143,True,False
AAPL_hybrid_spy_regime_trend_5_50_entry_0.000_exit_-0.005_hold_20_cool_5_10bps,3.384141384945271,0.2795404891717055,0.2422549929298121,1.106211581608725,1.353189387719999,0.7820846020929458,-0.35742998701626894,6,0.6,0.870946393117141,9.506287227001986,0.24165529880136843,0.4658693245414514,-0.09466573980875609,7.381804528479916,0.2570540295304733,-0.04234442440461117,0.027729127251902574,AAPL,allocation_train,hybrid_spy_regime,0.008039496216814625,5,50,0.0,,False,0.0,-0.005,20,5,10.0,4.329226286257599,0.32188491357631666,1.0639760071469957,-0.3851591142681715,0.7464923336056404,0.7219896539770023,0.024502679628638058,0.22465496877874508,3.6562931224174275,62.529411764705884,46.0,1.0006849315068493,0.17107875579086698,0.699867637326274,,,,,,,,,cash,0.0,0,0,False,0.26742034808151716,1.066625250055951,1.0193651453263024,True,False
AAPL_hybrid_spy_regime_trend_5_50_entry_0.000_exit_-0.005_hold_20_cool_0_10bps,3.384141384945271,0.2795404891717055,0.2422549929298121,1.106211581608725,1.353189387719999,0.7820846020929458,-0.35742998701626894,6,0.6,0.870946393117141,9.506287227001986,0.24165529880136843,0.4658693245414514,-0.09466573980875609,7.381804528479916,0.2570540295304733,-0.04234442440461117,0.027729127251902574,AAPL,allocation_train,hybrid_spy_regime,0.008039496216814625,5,50,0.0,,False,0.0,-0.005,20,0,10.0,4.329226286257599,0.32188491357631666,1.0639760071469957,-0.3851591142681715,0.7464923336056404,0.7219896539770023,0.024502679628638058,0.22465496877874508,3.6562931224174275,62.529411764705884,46.0,1.0006849315068493,0.17107875579086698,0.699867637326274,,,,,,,,,cash,0.0,0,0,False,0.26742034808151716,1.066625250055951,1.0193651453263024,True,False
AAPL_long_spy_regime_trend_5_50_entry_0.005_exit_-0.005_hold_20_cool_0_10bps,3.23666503090804,0.2722591982881657,0.2414381244251107,1.0854756069396287,1.3234806092425566,0.7617133653527884,-0.35742998701626894,6,0.6,0.8696227663798809,8.8391793514229,0.2174028442541082,0.43006958695678127,-0.10159726979990147,6.349623190718828,0.2303910502225346,-0.04962571528815096,0.027729127251902574,AAPL,allocation_train,long_spy_regime,0.008039496216814625,5,50,0.0,,False,0.005,-0.005,20,0,10.0,4.329226286257599,0.32188491357631666,1.0639760071469957,-0.3851591142681715,0.7374515321801751,0.7149250035405645,0.022526528639610577,0.2788033012415515,3.7509511024586293,68.73333333333333,62.0,1.0006849315068493,0.1872931833223031,0.6823295830575777,,,,,,,,,cash,0.0,0,0,False,0.2610526120379293,1.0486014420032153,1.0180321947968298,True,False
AAPL_long_spy_regime_trend_5_50_entry_0.005_exit_-0.005_hold_20_cool_5_10bps,3.23666503090804,0.2722591982881657,0.2414381244251107,1.0854756069396287,1.3234806092425566,0.7617133653527884,-0.35742998701626894,6,0.6,0.8696227663798809,8.8391793514229,0.2174028442541082,0.43006958695678127,-0.10159726979990147,6.349623190718828,0.2303910502225346,-0.04962571528815096,0.027729127251902574,AAPL,allocation_train,long_spy_regime,0.008039496216814625,5,50,0.0,,False,0.005,-0.005,20,5,10.0,4.329226286257599,0.32188491357631666,1.0639760071469957,-0.3851591142681715,0.7374515321801751,0.7149250035405645,0.022526528639610577,0.2788033012415515,3.7509511024586293,68.73333333333333,62.0,1.0006849315068493,0.1872931833223031,0.6823295830575777,,,,,,,,,cash,0.0,0,0,False,0.2610526120379293,1.0486014420032153,1.0180321947968298,True,False
AAPL_hybrid_spy_regime_trend_5_50_entry_0.020_exit_-0.005_hold_20_cool_5_10bps,3.2340668971859454,0.2721290405286174,0.23817831126933628,1.0966350813692294,1.3251263316731,0.7613492163885823,-0.3574299870162688,5,0.75,0.8530774321641297,9.172733289212442,0.274817727443886,0.40644109461873684,-0.12005237408066649,10.156594512965762,0.24006929160280954,-0.04975587304769924,0.027729127251902685,AAPL,allocation_train,hybrid_spy_regime,0.008039496216814625,5,50,0.0,,False,0.02,-0.005,20,5,10.0,4.329226286257599,0.32188491357631666,1.0639760071469957,-0.3851591142681715,0.7233062163615207,0.6979474221788523,0.025358794182668398,0.23665976320979004,3.8908004309233,61.294117647058826,57.0,0.8339041095890412,0.18365320979483785,0.6694242223692919,,,,,,,,,cash,0.0,0,0,False,0.26046529811449615,1.0572803448650419,1.0157193539553004,True,False
AAPL_hybrid_spy_regime_trend_5_50_entry_0.020_exit_-0.005_hold_20_cool_0_10bps,3.2340668971859454,0.2721290405286174,0.23817831126933628,1.0966350813692294,1.3251263316731,0.7613492163885823,-0.3574299870162688,5,0.75,0.8530774321641297,9.172733289212442,0.274817727443886,0.40644109461873684,-0.12005237408066649,10.156594512965762,0.24006929160280954,-0.04975587304769924,0.027729127251902685,AAPL,allocation_train,hybrid_spy_regime,0.008039496216814625,5,50,0.0,,False,0.02,-0.005,20,0,10.0,4.329226286257599,0.32188491357631666,1.0639760071469957,-0.3851591142681715,0.7233062163615207,0.6979474221788523,0.025358794182668398,0.23665976320979004,3.8908004309233,61.294117647058826,57.0,0.8339041095890412,0.18365320979483785,0.6694242223692919,,,,,,,,,cash,0.0,0,0,False,0.26046529811449615,1.0572803448650419,1.0157193539553004,True,False
AAPL_hybrid_spy_regime_trend_5_50_entry_0.020_exit_-0.005_hold_20_cool_10_10bps,3.2340668971859454,0.2721290405286174,0.23817831126933628,1.0966350813692294,1.3251263316731,0.7613492163885823,-0.3574299870162688,5,0.75,0.8530774321641297,9.172733289212442,0.274817727443886,0.40644109461873684,-0.12005237408066649,10.156594512965762,0.24006929160280954,-0.04975587304769924,0.027729127251902685,AAPL,allocation_train,hybrid_spy_regime,0.008039496216814625,5,50,0.0,,False,0.02,-0.005,20,10,10.0,4.329226286257599,0.32188491357631666,1.0639760071469957,-0.3851591142681715,0.7233062163615207,0.6979474221788523,0.025358794182668398,0.23665976320979004,3.8908004309233,61.294117647058826,57.0,0.8339041095890412,0.18365320979483785,0.6694242223692919,,,,,,,,,cash,0.0,0,0,False,0.26046529811449615,1.0572803448650419,1.0157193539553004,True,False
AAPL_long_qqq_regime_trend_5_50_entry_0.000_exit_0.000_hold_20_cool_10_10bps,3.333787489372937,0.27707764789331835,0.2521175927552269,1.0650028589175564,1.32003935002862,0.8711244876620947,-0.3180689463074714,7,0.16666666666666666,0.8722700198544011,9.172733289212442,0.12392912567940079,1.0464933533857042,-0.06058371986185988,3.454701546131101,0.24626609568027025,-0.04480726568299831,0.06709016796070011,AAPL,allocation_train,long_qqq_regime,0.008039496216814625,5,50,0.0,,False,0.0,0.0,20,10,10.0,4.329226286257599,0.32188491357631666,1.0639760071469957,-0.3851591142681715,0.7885898619630091,0.7731304851135693,0.015459376849439765,0.29668998553110937,3.8517069321696757,63.9375,51.0,1.1674657534246575,0.19523494374586367,0.6770350761085374,,,,,,,,,cash,0.0,0,0,False,0.2653391636345377,1.0275218154229093,1.008716259222727,True,False
AAPL_hybrid_qqq_regime_trend_5_50_entry_0.000_exit_0.000_hold_20_cool_10_10bps,3.333787489372937,0.27707764789331835,0.2521175927552269,1.0650028589175564,1.32003935002862,0.8711244876620947,-0.3180689463074714,7,0.16666666666666666,0.8722700198544011,9.172733289212442,0.12392912567940079,1.0464933533857042,-0.06058371986185988,3.454701546131101,0.24626609568027025,-0.04480726568299831,0.06709016796070011,AAPL,allocation_train,hybrid_qqq_regime,0.008039496216814625,5,50,0.0,,False,0.0,0.0,20,10,10.0,4.329226286257599,0.32188491357631666,1.0639760071469957,-0.3851591142681715,0.7885898619630091,0.7731304851135693,0.015459376849439765,0.29668998553110937,3.8517069321696757,63.9375,51.0,1.1674657534246575,0.19523494374586367,0.6770350761085374,,,,,,,,,cash,0.0,0,0,False,0.2653391636345377,1.0275218154229093,1.008716259222727,True,False
AAPL_long_qqq_regime_trend_5_50_entry_0.000_exit_-0.005_hold_10_cool_0_10bps,3.3553730479079604,0.27813631573230135,0.25103520034143306,1.07172968052418,1.3447339602612083,0.8970829483076443,-0.31004525975776065,6,0.4,0.8755790866975512,9.506287227001986,0.12244118977975187,0.4483602555686561,-0.09483818741285095,3.1517561142808983,0.2558043304059483,-0.0437485978440153,0.07511385451041086,AAPL,allocation_train,long_qqq_regime,0.008039496216814625,5,50,0.0,,False,0.0,-0.005,10,0,10.0,4.329226286257599,0.32188491357631666,1.0639760071469957,-0.3851591142681715,0.7846277029733452,0.7678966088723799,0.016731094100965294,0.31115949119717823,3.836028554940421,64.4375,56.0,1.0006849315068493,0.19324950363997354,0.6823295830575777,,,,,,,,,cash,0.0,0,0,False,0.26600599646971146,1.0332568564698936,1.0071714344316074,True,False
AAPL_long_qqq_regime_trend_5_50_entry_0.000_exit_-0.005_hold_10_cool_5_10bps,3.3553730479079604,0.27813631573230135,0.25103520034143306,1.07172968052418,1.3447339602612083,0.8970829483076443,-0.31004525975776065,6,0.4,0.8755790866975512,9.506287227001986,0.12244118977975187,0.4483602555686561,-0.09483818741285095,3.1517561142808983,0.2558043304059483,-0.0437485978440153,0.07511385451041086,AAPL,allocation_train,long_qqq_regime,0.008039496216814625,5,50,0.0,,False,0.0,-0.005,10,5,10.0,4.329226286257599,0.32188491357631666,1.0639760071469957,-0.3851591142681715,0.7846277029733452,0.7678966088723799,0.016731094100965294,0.31115949119717823,3.836028554940421,64.4375,56.0,1.0006849315068493,0.19324950363997354,0.6823295830575777,,,,,,,,,cash,0.0,0,0,False,0.26600599646971146,1.0332568564698936,1.0071714344316074,True,False
AAPL_hybrid_spy_regime_trend_5_50_entry_0.000_exit_-0.005_hold_20_cool_10_10bps,3.2311126726363115,0.271980962937711,0.24280018581220686,1.0798919370489062,1.3157088714837306,0.7609349322034679,-0.35742998701626894,6,0.6,0.870946393117141,9.172733289212442,0.24165529880136843,0.4658693245414514,-0.09466573980875609,7.381804528479916,0.23914588236309164,-0.04990395063860564,0.027729127251902574,AAPL,allocation_train,hybrid_spy_regime,0.008039496216814625,5,50,0.0,,False,0.0,-0.005,20,10,10.0,4.329226286257599,0.32188491357631666,1.0639760071469957,-0.3851591142681715,0.7478466988945557,0.7277029217667167,0.02014377712783899,0.21781843820114827,3.6397714890406694,62.64705882352941,57.0,1.0006849315068493,0.17041694242223693,0.700529450694904,,,,,,,,,cash,0.0,0,0,False,0.26035378881697513,1.041807418645495,0.9988281320440708,True,False
AAPL_hybrid_spy_regime_trend_5_50_entry_0.005_exit_-0.005_hold_20_cool_0_10bps,3.2952950938195986,0.2751788290208703,0.2417026356516406,1.0940464085378034,1.3349867913692404,0.7698817643085588,-0.3574299870162688,6,0.6,0.8696227663798809,9.83984116479153,0.22209456870352481,0.437889127705809,-0.10159726979990147,6.465072268697426,0.26087507091383877,-0.04670608455544634,0.027729127251902685,AAPL,allocation_train,hybrid_spy_regime,0.008039496216814625,5,50,0.0,,False,0.005,-0.005,20,0,10.0,4.329226286257599,0.32188491357631666,1.0639760071469957,-0.3851591142681715,0.7418123922428522,0.7187376577921859,0.023074734450666323,0.25299905101678377,3.6941271447266355,58.833333333333336,42.0,1.0006849315068493,0.17802779616148245,0.6915949702183984,,,,,,,,,cash,0.0,0,0,False,0.2626829636258594,1.0530570597074609,0.9894961545929639,True,False
AAPL_hybrid_spy_regime_trend_5_50_entry_0.005_exit_-0.005_hold_20_cool_5_10bps,3.2952950938195986,0.2751788290208703,0.2417026356516406,1.0940464085378034,1.3349867913692404,0.7698817643085588,-0.3574299870162688,6,0.6,0.8696227663798809,9.83984116479153,0.22209456870352481,0.437889127705809,-0.10159726979990147,6.465072268697426,0.26087507091383877,-0.04670608455544634,0.027729127251902685,AAPL,allocation_train,hybrid_spy_regime,0.008039496216814625,5,50,0.0,,False,0.005,-0.005,20,5,10.0,4.329226286257599,0.32188491357631666,1.0639760071469957,-0.3851591142681715,0.7418123922428522,0.7187376577921859,0.023074734450666323,0.25299905101678377,3.6941271447266355,58.833333333333336,42.0,1.0006849315068493,0.17802779616148245,0.6915949702183984,,,,,,,,,cash,0.0,0,0,False,0.2626829636258594,1.0530570597074609,0.9894961545929639,True,False
AAPL_hybrid_qqq_regime_trend_5_50_entry_0.000_exit_-0.005_hold_10_cool_0_10bps,3.3953727461645995,0.2800866052359152,0.25081731465020746,1.0785222428851198,1.3537348657728885,0.9033732863864707,-0.31004525975776065,6,0.4,0.8755790866975512,10.173395102581072,0.1264705808503433,0.4584337332451347,-0.09483818741285095,3.2225677985561827,0.27657231670870974,-0.041798308340401436,0.07511385451041086,AAPL,allocation_train,hybrid_qqq_regime,0.008039496216814625,5,50,0.0,,False,0.0,-0.005,10,0,10.0,4.329226286257599,0.32188491357631666,1.0639760071469957,-0.3851591142681715,0.7854028511391397,0.7679344513466771,0.017468399792462508,0.3111918075964413,3.7990782563746643,57.888888888888886,42.0,1.0006849315068493,0.18960953011250828,0.685969556585043,,,,,,,,,cash,0.0,0,0,False,0.26710443258079675,1.0375030808713226,0.9892299712729975,True,False
AAPL_hybrid_qqq_regime_trend_5_50_entry_0.000_exit_-0.005_hold_10_cool_5_10bps,3.3953727461645995,0.2800866052359152,0.25081731465020746,1.0785222428851198,1.3537348657728885,0.9033732863864707,-0.31004525975776065,6,0.4,0.8755790866975512,10.173395102581072,0.1264705808503433,0.4584337332451347,-0.09483818741285095,3.2225677985561827,0.27657231670870974,-0.041798308340401436,0.07511385451041086,AAPL,allocation_train,hybrid_qqq_regime,0.008039496216814625,5,50,0.0,,False,0.0,-0.005,10,5,10.0,4.329226286257599,0.32188491357631666,1.0639760071469957,-0.3851591142681715,0.7854028511391397,0.7679344513466771,0.017468399792462508,0.3111918075964413,3.7990782563746643,57.888888888888886,42.0,1.0006849315068493,0.18960953011250828,0.685969556585043,,,,,,,,,cash,0.0,0,0,False,0.26710443258079675,1.0375030808713226,0.9892299712729975,True,False
AAPL_long_spy_regime_trend_5_50_entry_0.000_exit_0.000_hold_20_cool_0_10bps,3.174376801980138,0.2691202834205646,0.24194538190353387,1.0734879662918835,1.3110321266040483,0.7529314640528894,-0.35742998701626894,7,0.3333333333333333,0.8663136995367307,9.83984116479153,0.19270274334785462,0.6790155893590378,-0.050453679657737005,6.729098788882008,0.25375774830990494,-0.05276463015575206,0.027729127251902574,AAPL,allocation_train,long_spy_regime,0.008039496216814625,5,50,0.0,,False,0.0,0.0,20,0,10.0,4.329226286257599,0.32188491357631666,1.0639760071469957,-0.3851591142681715,0.7402888845089648,0.7200496808685678,0.020239203640396997,0.23769267909614178,3.7264067593182006,61.23529411764706,38.0,1.1674657534246575,0.17736598279285243,0.6889477167438782,,,,,,,,,cash,0.0,0,0,False,0.25666841880488,1.0323351546270096,0.9628791667467382,True,False
AAPL_hybrid_spy_regime_trend_5_50_entry_0.000_exit_0.000_hold_20_cool_0_10bps,3.174376801980138,0.2691202834205646,0.24194538190353387,1.0734879662918835,1.3110321266040483,0.7529314640528894,-0.35742998701626894,7,0.3333333333333333,0.8663136995367307,9.83984116479153,0.19270274334785462,0.6790155893590378,-0.050453679657737005,6.729098788882008,0.25375774830990494,-0.05276463015575206,0.027729127251902574,AAPL,allocation_train,hybrid_spy_regime,0.008039496216814625,5,50,0.0,,False,0.0,0.0,20,0,10.0,4.329226286257599,0.32188491357631666,1.0639760071469957,-0.3851591142681715,0.7402888845089648,0.7200496808685678,0.020239203640396997,0.23769267909614178,3.7264067593182006,61.23529411764706,38.0,1.1674657534246575,0.17736598279285243,0.6889477167438782,,,,,,,,,cash,0.0,0,0,False,0.25666841880488,1.0323351546270096,0.9628791667467382,True,False
AAPL_long_spy_regime_trend_5_50_entry_0.000_exit_0.000_hold_20_cool_10_10bps,2.8452680970165236,0.25185648437791675,0.24003566764036768,1.023056008676389,1.2371190409600943,0.7046316580216118,-0.35742998701626894,7,0.3333333333333333,0.8610191925876902,9.172733289212442,0.18564942179465213,0.6581791060681614,-0.05061542034210256,6.501764695616679,0.2183496694841951,-0.07002842919839991,0.027729127251902574,AAPL,allocation_train,long_spy_regime,0.008039496216814625,5,50,0.0,,False,0.0,0.0,20,10,10.0,4.329226286257599,0.32188491357631666,1.0639760071469957,-0.3851591142681715,0.7282410070938546,0.7151881127480759,0.01305289434577872,0.29668998553110937,3.8517069321696757,63.9375,51.0,1.1674657534246575,0.1839841164791529,0.6770350761085374,,,,,,,,,cash,0.0,0,0,False,0.24035782652517335,0.9837963938121231,0.9218677251117593,True,False
AAPL_hybrid_spy_regime_trend_5_50_entry_0.000_exit_0.000_hold_20_cool_10_10bps,2.8452680970165236,0.25185648437791675,0.24003566764036768,1.023056008676389,1.2371190409600943,0.7046316580216118,-0.35742998701626894,7,0.3333333333333333,0.8610191925876902,9.172733289212442,0.18564942179465213,0.6581791060681614,-0.05061542034210256,6.501764695616679,0.2183496694841951,-0.07002842919839991,0.027729127251902574,AAPL,allocation_train,hybrid_spy_regime,0.008039496216814625,5,50,0.0,,False,0.0,0.0,20,10,10.0,4.329226286257599,0.32188491357631666,1.0639760071469957,-0.3851591142681715,0.7282410070938546,0.7151881127480759,0.01305289434577872,0.29668998553110937,3.8517069321696757,63.9375,51.0,1.1674657534246575,0.1839841164791529,0.6770350761085374,,,,,,,,,cash,0.0,0,0,False,0.24035782652517335,0.9837963938121231,0.9218677251117593,True,False
AAPL_long_spy_regime_trend_5_50_entry_0.000_exit_-0.005_hold_10_cool_0_10bps,2.8312103610947577,0.25109202952302523,0.23864530479147303,1.024982786779577,1.2559790018525276,0.7024929039084691,-0.35742998701626905,6,0.6,0.8643282594308405,9.506287227001986,0.19965176714486613,0.39410549334066475,-0.09202882214883185,6.423620624579524,0.22490462183340432,-0.07079288405329143,0.027729127251902463,AAPL,allocation_train,long_spy_regime,0.008039496216814625,5,50,0.0,,False,0.0,-0.005,10,0,10.0,4.329226286257599,0.32188491357631666,1.0639760071469957,-0.3851591142681715,0.721510796974644,0.7076092207244019,0.013901576250242131,0.31115949119717823,3.836028554940421,64.4375,56.0,1.0006849315068493,0.18199867637326275,0.6823295830575777,,,,,,,,,cash,0.0,0,0,False,0.23922421606411914,0.9845985182671699,0.9096878908484741,True,False
AAPL_long_spy_regime_trend_5_50_entry_0.000_exit_-0.005_hold_10_cool_5_10bps,2.8312103610947577,0.25109202952302523,0.23864530479147303,1.024982786779577,1.2559790018525276,0.7024929039084691,-0.35742998701626905,6,0.6,0.8643282594308405,9.506287227001986,0.19965176714486613,0.39410549334066475,-0.09202882214883185,6.423620624579524,0.22490462183340432,-0.07079288405329143,0.027729127251902463,AAPL,allocation_train,long_spy_regime,0.008039496216814625,5,50,0.0,,False,0.0,-0.005,10,5,10.0,4.329226286257599,0.32188491357631666,1.0639760071469957,-0.3851591142681715,0.721510796974644,0.7076092207244019,0.013901576250242131,0.31115949119717823,3.836028554940421,64.4375,56.0,1.0006849315068493,0.18199867637326275,0.6823295830575777,,,,,,,,,cash,0.0,0,0,False,0.23922421606411914,0.9845985182671699,0.9096878908484741,True,False
AAPL_hybrid_spy_regime_trend_5_50_entry_0.000_exit_-0.005_hold_10_cool_0_10bps,2.8489247854181134,0.25205495214810014,0.23875779972484007,1.027840066234987,1.2588886045514025,0.705186921366582,-0.35742998701626905,6,0.6,0.8643282594308405,10.173395102581072,0.20126317402086133,0.3967911714673235,-0.09202882214883185,6.467395141039955,0.24217978937382467,-0.06982996142821651,0.027729127251902463,AAPL,allocation_train,hybrid_spy_regime,0.008039496216814625,5,50,0.0,,False,0.0,-0.005,10,0,10.0,4.329226286257599,0.32188491357631666,1.0639760071469957,-0.3851591142681715,0.7232071260002491,0.7092476931675747,0.013959432832674312,0.3111918075964413,3.7990782563746643,57.888888888888886,42.0,1.0006849315068493,0.1783587028457975,0.685969556585043,,,,,,,,,cash,0.0,0,0,False,0.23935749280259389,0.9847606682634606,0.8868237779057954,True,False
AAPL_hybrid_spy_regime_trend_5_50_entry_0.000_exit_-0.005_hold_10_cool_5_10bps,2.8489247854181134,0.25205495214810014,0.23875779972484007,1.027840066234987,1.2588886045514025,0.705186921366582,-0.35742998701626905,6,0.6,0.8643282594308405,10.173395102581072,0.20126317402086133,0.3967911714673235,-0.09202882214883185,6.467395141039955,0.24217978937382467,-0.06982996142821651,0.027729127251902463,AAPL,allocation_train,hybrid_spy_regime,0.008039496216814625,5,50,0.0,,False,0.0,-0.005,10,5,10.0,4.329226286257599,0.32188491357631666,1.0639760071469957,-0.3851591142681715,0.7232071260002491,0.7092476931675747,0.013959432832674312,0.3111918075964413,3.7990782563746643,57.888888888888886,42.0,1.0006849315068493,0.1783587028457975,0.685969556585043,,,,,,,,,cash,0.0,0,0,False,0.23935749280259389,0.9847606682634606,0.8868237779057954,True,False
